date,CBOE_Total_PCR,CBOE_Index_PCR,CBOE_ETP_PCR,CBOE_Equity_PCR,CBOE_VIX_PCR,CBOE_SPX_PCR
2019-10-07,1.05,1.05,1.89,0.7,0.16,1.75
2019-10-08,1.01,1.12,1.39,0.65,0.56,1.71
2019-10-09,1.03,1.35,1.23,0.59,0.35,2.3
2019-10-10,0.99,1.44,1.14,0.58,0.73,1.72
2019-10-11,0.94,1.44,0.83,0.56,1.12,1.77
2019-10-14,1.15,1.51,1.44,0.61,0.92,1.99
2019-10-15,1.01,1.6,0.98,0.55,1.14,1.97
2019-10-16,0.92,1.29,0.74,0.63,0.51,1.75
2019-10-17,0.91,1.16,1.2,0.6,0.35,1.6
2019-10-18,1.14,1.33,2.13,0.69,0.34,1.75
2019-10-21,0.94,1.41,1.16,0.61,0.37,1.72
2019-10-22,0.95,1.49,1.39,0.61,0.53,1.97
2019-10-23,0.87,1.12,0.94,0.69,0.11,1.81
2019-10-24,0.78,0.99,0.75,0.68,0.18,1.55
2019-10-25,0.82,1.04,1.1,0.56,0.44,1.41
2019-10-28,0.79,1.14,0.65,0.51,0.49,1.73
2019-10-29,0.85,1.26,1.01,0.55,0.17,1.97
2019-10-30,0.97,1.26,1.37,0.6,0.99,1.91
2019-10-31,1.16,1.26,2.16,0.71,0.79,1.72
2019-11-01,0.74,1.01,0.76,0.53,0.53,1.2
2019-11-04,0.65,0.75,0.72,0.54,0.16,1.18
2019-11-05,0.85,1.05,1.37,0.58,0.43,1.62
2019-11-06,0.93,1.36,1.15,0.63,1.17,1.7
2019-11-07,0.66,0.82,0.71,0.54,0.57,0.99
2019-11-08,0.94,1.36,1.4,0.59,0.65,1.89
2019-11-11,0.91,1.34,1.04,0.61,0.48,1.66
2019-11-12,0.88,1.15,1.26,0.59,0.44,1.85
2019-11-13,1.0,1.45,1.68,0.58,0.7,1.98
2019-11-14,0.92,1.19,2.16,0.47,0.38,1.97
2019-11-15,0.84,1.16,1.32,0.49,0.89,1.43
2019-11-18,0.84,1.14,1.2,0.55,0.8,1.4
2019-11-19,1.08,1.86,1.32,0.58,1.98,1.8
2019-11-20,1.0,1.27,1.39,0.64,0.62,1.96
2019-11-21,1.21,2.16,1.97,0.59,1.05,2.59
2019-11-22,0.96,1.71,1.02,0.58,1.63,2.0
2019-11-25,0.94,1.19,1.24,0.63,0.47,1.71
2019-11-26,1.05,1.05,2.37,0.57,0.31,1.58
2019-11-27,0.94,1.03,1.83,0.58,0.35,1.22
2019-11-29,0.96,1.3,1.15,0.59,0.11,2.03
2019-12-02,0.99,1.34,0.92,0.66,0.61,1.81
2019-12-03,1.13,1.41,1.58,0.7,0.91,1.65
2019-12-04,0.98,1.45,1.26,0.54,0.92,1.8
2019-12-05,1.08,1.62,1.63,0.65,0.53,2.01
2019-12-06,0.88,1.23,1.14,0.53,0.56,1.55
2019-12-09,1.02,1.54,1.06,0.64,0.79,2.3
2019-12-10,0.98,1.3,0.83,0.76,0.71,1.99
2019-12-11,0.98,1.45,1.33,0.52,1.43,1.67
2019-12-12,0.72,1.11,0.72,0.45,0.73,1.29
2019-12-13,1.1,1.79,0.89,0.55,1.98,1.85
2019-12-16,0.87,1.09,0.91,0.61,1.41,1.27
2019-12-17,0.63,0.7,0.71,0.53,0.37,1.53
2019-12-18,1.06,1.21,2.56,0.49,0.46,2.07
2019-12-19,0.78,1.14,0.95,0.54,0.53,1.35
2019-12-20,0.79,1.1,1.33,0.46,0.63,1.26
2019-12-23,0.8,1.2,0.98,0.54,0.22,1.52
2019-12-24,0.8,1.88,0.71,0.52,0.46,2.23
2019-12-26,0.79,1.67,1.1,0.43,0.28,1.9
2019-12-27,0.87,1.29,0.91,0.6,0.57,1.71
2019-12-30,0.9,1.25,0.94,0.59,1.01,1.46
2019-12-31,0.96,1.22,1.22,0.56,0.75,1.51
2020-01-02,0.83,1.3,0.99,0.54,0.48,1.88
2020-01-03,0.85,1.36,0.75,0.55,0.54,2.1
2020-01-06,0.83,1.28,0.78,0.54,0.46,1.89
2020-01-07,0.83,1.21,1.66,0.44,0.4,1.79
2020-01-08,0.76,1.01,1.06,0.47,0.28,1.51
2020-01-09,0.66,0.85,0.71,0.49,0.25,1.36
2020-01-10,0.86,1.39,0.92,0.52,0.67,1.99
2020-01-13,0.76,1.11,1.09,0.47,0.36,1.55
2020-01-14,0.76,1.2,1.0,0.47,0.44,1.73
2020-01-15,0.75,1.11,0.95,0.44,0.17,1.68
2020-01-16,0.71,0.84,0.99,0.47,0.18,1.62
2020-01-17,0.66,0.78,0.93,0.48,0.25,1.45
2020-01-21,0.83,1.18,0.91,0.59,0.6,1.88
2020-01-22,0.82,1.14,1.11,0.52,0.38,1.94
2020-01-23,0.76,1.09,0.86,0.54,0.29,1.97
2020-01-24,1.1,1.59,1.29,0.7,0.82,2.25
2020-01-27,1.01,1.3,1.19,0.64,0.52,1.95
2020-01-28,0.8,1.03,1.05,0.55,0.32,1.69
2020-01-29,0.83,1.44,1.26,0.5,0.62,2.0
2020-01-30,0.86,1.22,0.99,0.61,0.42,1.69
2020-01-31,1.07,1.15,1.46,0.74,0.46,1.82
2020-02-03,0.72,1.15,0.62,0.5,0.33,1.89
2020-02-04,0.82,1.35,1.15,0.46,0.59,1.7
2020-02-05,0.94,1.23,1.77,0.51,0.42,1.56
2020-02-06,0.71,0.93,1.07,0.47,0.53,1.52
2020-02-07,0.95,1.34,1.6,0.56,0.54,1.94
2020-02-10,0.84,1.36,1.25,0.46,0.55,1.83
2020-02-11,0.72,0.93,0.95,0.45,0.69,1.38
2020-02-12,0.7,1.02,0.74,0.48,0.23,1.76
2020-02-13,0.8,1.15,0.95,0.55,0.39,1.88
2020-02-14,0.83,1.1,1.14,0.58,0.42,1.67
2020-02-18,0.78,1.06,0.84,0.51,0.48,1.79
2020-02-19,0.81,1.35,0.92,0.45,0.33,2.04
2020-02-20,0.84,1.22,1.11,0.51,0.49,1.82
2020-02-21,1.15,1.6,1.45,0.73,0.85,2.08
2020-02-24,1.09,1.18,1.47,0.7,0.44,2.15
2020-02-25,1.31,1.3,1.99,0.8,0.55,2.38
2020-02-26,1.23,1.49,1.75,0.65,0.74,2.05
2020-02-27,1.31,1.59,1.48,0.86,0.72,2.35
2020-02-28,1.27,1.51,1.33,0.85,0.65,2.19
2020-03-02,1.29,1.7,1.32,0.76,2.49,1.54
2020-03-03,0.8,0.71,1.12,0.73,0.39,1.29
2020-03-04,1.25,1.17,2.6,0.64,0.75,1.33
2020-03-05,0.88,0.83,1.1,0.78,0.39,1.9
2020-03-06,1.18,1.4,1.1,0.89,0.88,2.29
2020-03-09,1.83,2.3,1.79,1.12,2.31,2.33
2020-03-10,1.19,1.6,1.05,0.75,1.16,1.9
2020-03-11,1.36,1.59,1.23,1.02,1.1,2.27
2020-03-12,1.46,1.41,1.79,1.28,1.17,1.56
2020-03-13,1.27,1.36,1.4,1.0,1.04,1.58
2020-03-16,1.28,1.25,1.53,1.1,0.82,1.75
2020-03-17,1.01,0.99,1.35,0.86,0.35,2.03
2020-03-18,1.33,1.58,1.3,0.98,0.7,2.48
2020-03-19,1.12,1.33,1.08,0.88,1.37,1.3
2020-03-20,1.23,1.47,1.42,0.83,1.61,1.42
2020-03-23,1.09,1.66,1.07,0.62,2.67,1.36
2020-03-24,0.88,1.07,1.02,0.63,1.0,1.16
2020-03-25,0.95,1.06,1.25,0.65,0.91,1.11
2020-03-26,0.97,1.32,1.31,0.58,0.96,1.44
2020-03-27,1.07,1.36,1.29,0.7,1.2,1.43
2020-03-30,1.07,1.35,1.21,0.68,2.16,1.38
2020-03-31,1.14,1.32,1.35,0.7,1.3,1.38
2020-04-01,1.19,1.49,1.31,0.86,1.14,1.63
2020-04-02,1.21,1.57,1.51,0.82,1.62,1.57
2020-04-03,1.08,1.39,1.13,0.83,0.66,1.72
2020-04-06,0.97,1.23,1.07,0.69,1.14,1.27
2020-04-07,0.95,1.22,1.16,0.65,1.67,1.12
2020-04-08,1.0,1.31,1.16,0.65,1.11,1.39
2020-04-09,0.98,1.19,1.22,0.65,0.81,1.27
2020-04-13,0.91,1.19,1.02,0.65,0.95,1.3
2020-04-14,0.99,1.48,1.15,0.58,1.79,1.31
2020-04-15,0.99,1.13,1.38,0.7,0.45,1.53
2020-04-16,0.91,1.41,1.25,0.59,0.84,1.55
2020-04-17,0.92,1.23,1.22,0.6,0.79,1.33
2020-04-20,0.93,1.55,1.07,0.55,1.13,1.54
2020-04-21,1.09,1.35,1.45,0.69,0.85,1.6
2020-04-22,0.91,1.36,1.06,0.66,0.9,1.41
2020-04-23,0.87,1.33,1.13,0.59,0.65,1.69
2020-04-24,1.02,1.61,1.35,0.6,2.05,1.5
2020-04-27,1.05,1.74,1.36,0.58,1.95,1.66
2020-04-28,0.96,1.65,1.31,0.56,1.76,1.61
2020-04-29,1.02,1.62,1.54,0.53,2.19,1.44
2020-04-30,0.96,1.41,1.24,0.68,0.68,1.62
2020-05-01,1.18,1.67,1.41,0.83,0.9,1.8
2020-05-04,0.97,1.24,1.26,0.69,0.56,1.46
2020-05-05,0.89,1.6,1.05,0.59,0.52,2.05
2020-05-06,0.85,1.32,1.0,0.59,0.37,1.7
2020-05-07,0.83,1.16,1.14,0.59,0.42,1.88
2020-05-08,0.86,1.45,1.18,0.53,0.96,1.6
2020-05-11,0.86,1.37,1.12,0.5,1.27,1.31
2020-05-12,0.88,1.4,1.17,0.6,0.91,1.72
2020-05-13,1.17,1.58,1.61,0.72,0.89,1.84
2020-05-14,0.96,1.27,1.25,0.64,0.77,1.55
2020-05-15,0.8,0.9,1.15,0.57,0.27,1.49
2020-05-18,0.72,1.1,0.94,0.47,0.71,1.24
2020-05-19,0.72,1.1,1.0,0.46,0.96,1.2
2020-05-20,0.81,1.29,1.19,0.49,1.08,1.34
2020-05-21,0.84,1.5,1.1,0.55,1.63,1.44
2020-05-22,0.82,1.32,1.1,0.57,0.47,1.5
2020-05-26,0.81,1.16,1.26,0.5,0.34,1.55
2020-05-27,0.86,1.33,1.34,0.51,0.8,1.4
2020-05-28,0.85,1.13,1.34,0.54,0.65,1.27
2020-05-29,0.92,1.41,1.2,0.58,1.4,1.4
2020-06-01,0.83,1.34,1.49,0.46,0.66,1.56
2020-06-02,0.79,1.36,1.18,0.47,1.39,1.41
2020-06-03,0.69,1.07,1.04,0.4,0.98,1.08
2020-06-04,0.74,1.76,1.25,0.43,1.47,1.76
2020-06-05,0.65,1.16,0.85,0.41,2.04,1.05
2020-06-08,0.6,1.16,0.89,0.37,1.56,1.07
2020-06-09,0.7,1.8,0.9,0.4,1.25,1.97
2020-06-10,0.7,1.33,0.91,0.45,1.11,1.38
2020-06-11,1.01,1.34,1.22,0.7,0.59,2.15
2020-06-12,0.98,1.08,1.35,0.71,0.54,1.89
2020-06-15,0.88,1.22,1.16,0.51,0.73,1.52
2020-06-16,0.76,1.21,1.0,0.45,0.65,1.57
2020-06-17,0.77,1.2,0.86,0.51,0.61,1.61
2020-06-18,0.87,1.73,1.23,0.5,0.95,2.02
2020-06-19,0.91,1.8,1.2,0.57,1.07,2.0
2020-06-22,0.79,1.53,0.94,0.47,0.77,1.97
2020-06-23,0.77,1.54,1.29,0.45,0.67,2.01
2020-06-24,0.99,1.38,1.41,0.62,1.01,1.47
2020-06-25,0.89,1.79,1.15,0.54,2.06,1.73
2020-06-26,1.07,1.56,1.25,0.74,0.94,1.74
2020-06-29,0.97,1.86,1.12,0.55,1.71,1.93
2020-06-30,0.88,1.28,1.06,0.52,0.39,1.57
2020-07-01,0.83,1.7,0.9,0.46,2.12,1.6
2020-07-02,0.87,1.59,1.0,0.51,1.09,1.73
2020-07-06,0.73,1.22,1.18,0.42,0.43,1.8
2020-07-07,0.83,1.87,1.13,0.45,1.69,2.01
2020-07-08,0.76,1.62,1.08,0.4,1.23,1.74
2020-07-09,0.77,1.4,1.24,0.44,0.69,1.83
2020-07-10,0.83,1.64,1.13,0.46,1.43,1.73
2020-07-13,0.77,1.52,0.91,0.41,0.69,1.73
2020-07-14,0.85,1.46,1.66,0.43,0.84,1.74
2020-07-15,0.63,1.09,0.82,0.38,0.54,1.28
2020-07-16,0.72,1.43,0.84,0.47,1.22,1.6
2020-07-17,0.74,1.34,0.92,0.46,0.79,1.93
2020-07-20,0.77,1.49,0.96,0.45,1.65,1.32
2020-07-21,0.71,1.39,0.79,0.39,1.04,1.75
2020-07-22,0.75,1.45,0.79,0.49,0.88,1.6
2020-07-23,0.78,1.66,0.85,0.53,0.93,2.09
2020-07-24,0.91,1.58,1.16,0.6,1.25,1.67
2020-07-27,0.63,1.16,0.69,0.44,0.22,1.68
2020-07-28,0.83,1.71,1.16,0.5,1.45,1.83
2020-07-29,0.73,1.32,0.84,0.51,0.85,1.47
2020-07-30,0.77,1.27,0.92,0.55,0.87,1.52
2020-07-31,0.82,1.53,0.98,0.54,0.64,1.68
2020-08-03,0.67,1.16,0.88,0.44,0.32,1.55
2020-08-04,0.74,1.24,1.41,0.42,0.35,1.76
2020-08-05,0.67,1.09,0.94,0.41,0.65,1.36
2020-08-06,0.61,1.25,0.75,0.42,0.37,1.6
2020-08-07,0.73,1.24,0.85,0.51,0.55,1.79
2020-08-10,0.67,1.51,0.76,0.41,0.9,1.66
2020-08-11,0.7,1.42,0.84,0.45,0.85,1.93
2020-08-12,0.77,1.44,0.95,0.47,1.07,1.57
2020-08-13,0.68,1.51,0.68,0.46,0.89,1.89
2020-08-14,0.78,1.33,0.89,0.54,0.63,1.68
2020-08-17,0.76,1.56,0.81,0.49,1.45,1.51
2020-08-18,0.71,1.11,0.89,0.46,0.73,1.64
2020-08-19,0.76,1.23,1.16,0.43,0.49,1.79
2020-08-20,0.75,1.26,1.09,0.46,0.73,1.61
2020-08-21,0.69,1.23,0.97,0.45,0.28,1.64
2020-08-24,0.74,1.52,0.97,0.42,0.4,1.76
2020-08-25,0.62,1.4,0.58,0.42,1.16,1.46
2020-08-26,0.65,1.0,0.83,0.39,0.69,1.11
2020-08-27,0.62,0.96,0.88,0.38,0.52,1.32
2020-08-28,0.71,1.38,0.68,0.42,0.91,1.66
2020-08-31,0.78,1.53,0.99,0.45,0.77,1.73
2020-09-01,0.62,0.99,0.98,0.4,0.36,1.61
2020-09-02,0.74,1.2,1.19,0.4,0.57,1.43
2020-09-03,0.95,1.02,1.68,0.58,0.4,1.75
2020-09-04,1.03,1.38,1.35,0.67,0.63,1.79
2020-09-08,0.88,1.36,1.04,0.57,0.72,1.74
2020-09-09,0.86,1.23,1.05,0.62,0.65,1.52
2020-09-10,0.81,1.13,1.13,0.54,0.58,1.37
2020-09-11,1.0,1.46,1.35,0.67,1.15,1.58
2020-09-14,0.83,1.58,0.95,0.49,1.16,1.77
2020-09-15,0.69,1.08,0.91,0.46,0.54,1.59
2020-09-16,0.81,1.4,1.05,0.51,0.62,1.75
2020-09-17,0.96,1.7,1.17,0.58,1.09,1.85
2020-09-18,0.94,1.56,1.21,0.63,0.99,1.71
2020-09-21,0.94,1.68,1.25,0.49,1.73,1.66
2020-09-22,0.87,1.82,1.0,0.54,1.44,1.92
2020-09-23,0.89,1.36,1.27,0.51,0.93,1.55
2020-09-24,1.0,1.67,1.26,0.63,2.01,1.67
2020-09-25,0.88,1.53,0.89,0.56,1.44,1.56
2020-09-28,0.77,1.5,0.87,0.45,0.81,1.51
2020-09-29,0.8,1.45,1.04,0.49,1.25,1.6
2020-09-30,0.83,1.29,1.14,0.45,1.0,1.4
2020-10-01,0.78,1.33,1.04,0.5,1.02,1.6
2020-10-02,0.9,1.61,1.07,0.54,1.49,1.71
2020-10-05,0.79,1.37,0.88,0.49,1.02,1.5
2020-10-06,0.84,1.57,1.14,0.46,1.65,1.66
2020-10-07,0.76,1.48,0.89,0.42,1.19,1.62
2020-10-08,0.8,2.19,1.02,0.39,3.02,1.81
2020-10-09,0.85,1.71,0.86,0.44,2.06,1.54
2020-10-12,0.66,1.05,0.86,0.41,0.58,1.22
2020-10-13,0.75,2.03,0.99,0.39,1.84,2.04
2020-10-14,0.71,1.11,1.03,0.47,0.54,1.41
2020-10-15,0.75,1.29,0.93,0.46,0.91,1.6
2020-10-16,0.85,2.0,1.01,0.45,3.48,1.5
2020-10-19,0.78,1.41,1.18,0.43,0.99,1.61
2020-10-20,0.82,1.53,0.87,0.52,1.64,1.48
2020-10-21,0.87,1.62,1.19,0.5,1.45,1.74
2020-10-22,0.8,1.67,1.17,0.48,1.89,1.62
2020-10-23,0.84,1.87,0.92,0.53,2.65,1.77
2020-10-26,1.11,1.79,1.31,0.59,2.96,1.37
2020-10-27,0.8,1.41,1.04,0.48,1.47,1.39
2020-10-28,1.11,1.48,1.53,0.65,1.67,1.41
2020-10-29,0.9,1.49,1.26,0.52,1.13,1.73
2020-10-30,1.03,1.16,1.39,0.77,1.06,1.19
2020-11-02,0.98,1.56,1.08,0.62,1.77,1.46
2020-11-03,1.03,1.52,1.72,0.45,1.66,1.42
2020-11-04,0.98,1.58,1.22,0.45,1.65,1.54
2020-11-05,0.8,1.57,0.96,0.44,1.03,1.9
2020-11-06,0.85,2.0,1.0,0.41,2.06,2.02
2020-11-09,0.74,1.36,0.99,0.37,1.18,1.52
2020-11-10,0.85,1.64,1.0,0.52,0.97,2.26
2020-11-11,1.02,1.61,2.0,0.46,1.25,1.9
2020-11-12,0.93,1.8,1.34,0.52,1.54,1.92
2020-11-13,0.81,1.4,1.05,0.5,1.01,1.53
2020-11-16,0.73,1.44,0.92,0.43,1.52,1.51
2020-11-17,0.87,1.38,1.32,0.49,1.19,1.58
2020-11-18,0.73,1.25,1.1,0.42,0.49,1.75
2020-11-19,0.76,1.14,1.36,0.46,0.69,1.46
2020-11-20,0.71,1.61,0.97,0.4,1.12,1.89
2020-11-23,0.65,1.38,1.0,0.42,0.73,1.54
2020-11-24,0.64,1.43,0.93,0.38,0.88,1.76
2020-11-25,0.72,1.81,0.97,0.4,1.91,1.81
2020-11-27,0.74,2.06,0.84,0.41,1.88,2.19
2020-11-30,0.8,1.61,1.46,0.43,1.25,1.64
2020-12-01,0.65,1.14,1.0,0.37,0.64,1.86
2020-12-02,0.68,1.34,0.91,0.41,0.97,1.54
2020-12-03,0.65,1.38,1.09,0.35,0.92,1.82
2020-12-04,0.68,1.57,0.89,0.39,1.32,1.68
2020-12-07,0.65,1.41,0.94,0.37,0.82,1.74
2020-12-08,0.65,1.35,1.0,0.38,1.0,1.52
2020-12-09,0.84,1.48,1.32,0.42,1.04,1.63
2020-12-10,0.7,1.15,1.21,0.4,0.54,1.69
2020-12-11,0.97,1.67,1.4,0.5,1.17,1.88
2020-12-14,0.81,1.59,0.89,0.42,0.62,2.17
2020-12-15,0.91,1.78,1.28,0.43,1.58,2.01
2020-12-16,0.77,1.68,0.89,0.42,1.27,1.79
2020-12-17,0.69,1.46,0.96,0.37,0.91,1.74
2020-12-18,0.75,1.46,0.94,0.46,0.75,1.68
2020-12-21,0.76,1.04,1.22,0.47,0.43,1.42
2020-12-22,0.6,1.2,1.06,0.37,0.53,1.69
2020-12-23,0.78,1.71,0.99,0.41,2.02,1.61
2020-12-24,0.8,1.42,1.19,0.54,1.0,1.52
2020-12-28,0.72,1.18,1.16,0.44,0.47,1.42
2020-12-29,0.78,1.43,1.27,0.45,1.05,1.55
2020-12-30,0.81,1.53,1.27,0.47,1.42,1.66
2020-12-31,0.86,1.28,1.01,0.56,0.36,1.64
2021-01-04,0.86,1.43,1.05,0.47,0.84,1.77
2021-01-05,0.73,1.16,0.86,0.45,0.52,1.95
2021-01-06,0.78,1.48,0.97,0.39,1.28,1.64
2021-01-07,0.68,1.14,1.17,0.38,0.71,1.53
2021-01-08,0.73,1.44,0.78,0.44,0.99,1.66
2021-01-11,0.79,1.73,1.01,0.41,0.8,2.16
2021-01-12,0.69,1.43,1.22,0.34,0.99,2.05
2021-01-13,0.85,1.35,1.65,0.34,0.87,1.6
2021-01-14,0.66,1.4,0.83,0.36,1.16,1.67
2021-01-15,0.8,1.47,1.21,0.45,1.04,1.68
2021-01-19,0.69,1.22,1.23,0.37,0.54,2.09
2021-01-20,0.71,1.21,0.99,0.4,0.69,1.39
2021-01-21,0.74,1.74,1.41,0.4,1.2,2.1
2021-01-22,0.63,1.37,0.98,0.4,0.62,1.62
2021-01-25,0.72,1.63,1.27,0.38,0.87,2.09
2021-01-26,0.71,1.81,1.18,0.4,1.24,2.35
2021-01-27,0.73,1.15,1.27,0.4,0.65,1.82
2021-01-28,0.75,1.28,1.0,0.4,0.97,1.84
2021-01-29,0.93,1.33,1.22,0.58,0.84,1.71
2021-02-01,0.77,1.46,0.94,0.42,1.03,1.83
2021-02-02,0.78,1.84,0.94,0.4,1.51,1.98
2021-02-03,0.85,1.5,1.73,0.43,0.85,1.77
2021-02-04,0.73,1.32,1.31,0.41,0.87,1.74
2021-02-05,0.75,1.54,1.07,0.42,1.31,1.64
2021-02-08,0.69,1.3,1.04,0.39,0.75,1.61
2021-02-09,0.67,1.36,1.19,0.36,0.78,2.33
2021-02-10,0.75,1.52,1.13,0.37,1.49,1.57
2021-02-11,0.74,1.82,1.08,0.38,1.65,1.86
2021-02-12,0.82,1.6,1.11,0.45,1.5,1.7
2021-02-16,0.77,1.65,0.84,0.42,1.4,1.89
2021-02-17,0.71,1.28,0.92,0.39,0.75,1.8
2021-02-18,0.82,1.39,1.12,0.51,0.87,1.66
2021-02-19,0.75,1.57,0.96,0.43,0.82,1.99
2021-02-22,0.66,1.32,0.82,0.43,0.51,1.66
2021-02-23,0.76,1.28,1.15,0.44,0.69,1.64
2021-02-24,0.7,1.39,0.91,0.35,1.43,1.35
2021-02-25,0.8,1.5,0.93,0.47,1.02,1.82
2021-02-26,0.92,1.21,1.15,0.63,0.59,1.71
2021-03-01,0.97,1.39,2.13,0.38,0.89,1.65
2021-03-02,0.77,1.64,0.98,0.44,1.11,1.96
2021-03-03,0.83,1.25,1.33,0.48,0.77,1.49
2021-03-04,0.89,1.17,1.3,0.54,0.83,1.43
2021-03-05,0.95,1.44,1.26,0.6,1.2,1.49
2021-03-08,0.79,1.24,1.11,0.46,0.45,1.69
2021-03-09,0.92,1.8,1.4,0.42,1.7,1.89
2021-03-10,0.72,1.05,1.03,0.42,0.55,1.63
2021-03-11,0.74,1.29,0.95,0.44,0.99,1.42
2021-03-12,0.77,1.37,1.07,0.44,0.74,1.76
2021-03-15,0.75,1.33,0.96,0.38,1.15,1.45
2021-03-16,0.89,1.62,1.37,0.43,1.64,1.61
2021-03-17,0.73,1.07,0.97,0.44,0.47,1.44
2021-03-18,0.75,1.2,1.05,0.47,0.63,1.49
2021-03-19,0.82,1.39,1.13,0.51,1.15,1.46
2021-03-22,0.72,1.4,0.92,0.39,1.17,1.46
2021-03-23,0.81,1.36,1.22,0.44,0.95,1.61
2021-03-24,0.89,1.47,1.13,0.57,1.17,1.46
2021-03-25,0.88,1.43,1.1,0.58,1.24,1.51
2021-03-26,0.89,1.36,1.15,0.58,0.58,1.68
2021-03-29,0.85,1.34,1.11,0.51,0.76,1.51
2021-03-30,0.77,1.51,1.0,0.48,1.81,1.47
2021-03-31,0.74,1.08,1.21,0.42,0.45,1.27
2021-04-01,0.72,1.36,0.95,0.42,0.92,1.55
2021-04-05,0.69,1.27,0.83,0.38,0.73,1.39
2021-04-06,0.67,1.24,0.93,0.41,0.48,1.8
2021-04-07,0.8,1.41,0.97,0.47,0.91,1.74
2021-04-08,0.72,0.95,1.08,0.45,0.57,1.74
2021-04-09,0.75,1.17,0.87,0.5,0.46,1.53
2021-04-12,0.73,1.12,0.9,0.48,0.29,1.62
2021-04-13,0.69,1.24,0.86,0.44,0.8,1.59
2021-04-14,0.78,1.44,0.96,0.43,1.01,1.7
2021-04-15,0.76,1.37,0.9,0.48,1.4,1.38
2021-04-16,0.77,1.47,0.83,0.44,1.26,1.5
2021-04-19,0.84,1.42,1.2,0.45,0.72,1.9
2021-04-20,0.79,1.07,1.26,0.48,0.57,1.77
2021-04-21,0.71,1.17,0.89,0.43,0.53,1.54
2021-04-22,0.79,1.48,0.89,0.52,0.66,1.83
2021-04-23,0.8,1.25,0.88,0.55,0.39,1.6
2021-04-26,0.65,1.23,0.61,0.43,0.41,1.61
2021-04-27,0.7,1.12,0.93,0.5,0.53,1.89
2021-04-28,0.81,1.54,1.26,0.43,1.28,1.7
2021-04-29,0.71,1.17,0.92,0.47,0.59,1.49
2021-04-30,0.95,1.41,1.35,0.59,0.43,1.74
2021-05-03,0.75,1.29,0.73,0.51,0.3,1.76
2021-05-04,0.86,1.13,1.19,0.56,0.5,1.62
2021-05-05,0.88,1.64,1.24,0.46,0.77,1.91
2021-05-06,0.87,1.45,1.16,0.57,0.76,1.8
2021-05-07,0.86,1.42,0.98,0.51,0.5,1.76
2021-05-10,0.9,1.43,0.95,0.59,0.47,2.05
2021-05-11,0.99,1.23,1.52,0.57,0.65,2.03
2021-05-12,0.98,1.04,1.5,0.63,0.51,1.93
2021-05-13,1.0,1.58,1.09,0.63,0.9,2.27
2021-05-14,0.9,1.37,0.93,0.54,0.75,2.01
2021-05-17,0.92,1.54,0.98,0.55,0.75,2.17
2021-05-18,0.85,1.47,0.94,0.48,0.81,2.33
2021-05-19,1.07,1.52,1.21,0.58,1.2,1.76
2021-05-20,0.84,1.56,0.93,0.48,0.89,1.87
2021-05-21,0.85,1.7,0.9,0.53,1.41,1.76
2021-05-24,0.76,1.37,1.06,0.41,0.67,1.74
2021-05-25,0.82,1.46,1.17,0.49,0.7,1.73
2021-05-26,0.76,1.54,0.85,0.44,1.17,1.8
2021-05-27,0.71,1.32,1.07,0.41,0.84,1.93
2021-05-28,0.73,1.4,1.05,0.45,0.56,1.84
2021-06-01,0.66,1.28,0.63,0.42,0.44,1.81
2021-06-02,0.69,1.37,1.46,0.37,0.53,1.86
2021-06-03,0.67,1.36,1.22,0.41,0.79,1.63
2021-06-04,0.84,1.82,0.97,0.44,1.57,1.87
2021-06-07,0.68,1.4,0.93,0.43,0.45,1.83
2021-06-08,0.65,1.52,0.99,0.35,0.56,2.37
2021-06-09,0.65,1.37,1.12,0.36,0.75,1.74
2021-06-10,0.78,1.38,1.18,0.43,0.83,1.74
2021-06-11,0.85,1.6,0.96,0.48,1.28,1.82
2021-06-14,0.71,1.54,1.04,0.36,0.81,2.03
2021-06-15,0.71,1.21,0.84,0.45,0.75,1.84
2021-06-16,0.97,1.85,1.0,0.55,1.42,2.02
2021-06-17,0.84,1.75,0.95,0.49,1.42,1.86
2021-06-18,0.9,1.67,1.02,0.56,0.86,1.95
2021-06-21,0.8,1.58,1.05,0.42,0.85,1.77
2021-06-22,0.78,1.61,1.05,0.47,0.92,1.84
2021-06-23,0.7,1.35,1.05,0.39,0.5,1.88
2021-06-24,0.68,1.39,1.24,0.4,0.54,1.92
2021-06-25,0.74,1.39,0.97,0.48,0.6,1.68
2021-06-28,0.76,1.59,1.31,0.42,0.55,1.92
2021-06-29,0.66,1.38,1.0,0.43,0.46,1.86
2021-06-30,0.74,1.34,1.06,0.4,0.32,1.61
2021-07-01,0.65,0.84,1.05,0.44,0.25,1.98
2021-07-02,0.78,1.3,0.99,0.51,0.55,1.52
2021-07-06,0.89,1.53,1.24,0.51,0.7,1.9
2021-07-07,0.83,1.64,0.92,0.52,1.37,1.7
2021-07-08,0.86,1.37,0.92,0.59,0.59,1.87
2021-07-09,0.87,1.26,1.29,0.53,0.56,1.56
2021-07-12,0.88,1.73,1.02,0.49,0.83,2.08
2021-07-13,0.81,1.73,0.82,0.48,0.75,2.39
2021-07-14,0.81,1.39,1.06,0.49,0.4,1.83
2021-07-15,0.89,1.29,1.31,0.59,0.49,1.88
2021-07-16,0.98,1.53,1.08,0.69,0.59,2.2
2021-07-19,0.98,1.22,1.5,0.53,0.46,2.42
2021-07-20,0.78,1.18,1.02,0.44,0.7,1.75
2021-07-21,0.86,1.62,1.2,0.46,0.79,1.92
2021-07-22,0.87,1.43,1.23,0.57,0.9,1.69
2021-07-23,0.88,1.43,0.9,0.61,1.71,1.38
2021-07-26,0.86,1.59,0.95,0.54,0.55,1.9
2021-07-27,1.0,1.46,1.69,0.59,0.78,1.79
2021-07-28,0.8,1.42,0.99,0.52,0.37,1.87
2021-07-29,0.67,1.35,0.64,0.48,0.69,1.7
2021-07-30,0.83,1.53,0.98,0.56,0.5,1.79
2021-08-02,0.89,1.82,0.91,0.51,1.09,2.1
2021-08-03,0.76,1.35,1.27,0.47,0.98,1.52
2021-08-04,0.84,1.7,1.14,0.52,0.96,1.94
2021-08-05,0.82,1.76,1.19,0.52,0.83,2.17
2021-08-06,0.95,1.71,1.33,0.55,1.16,1.95
2021-08-09,0.86,1.57,1.2,0.49,0.73,2.05
2021-08-10,0.72,1.4,1.2,0.43,0.76,1.82
2021-08-11,0.98,1.55,1.69,0.52,1.11,1.81
2021-08-12,0.88,1.52,1.35,0.53,1.2,1.81
2021-08-13,0.93,1.84,1.01,0.57,1.08,2.38
2021-08-16,0.87,1.45,1.11,0.54,0.71,1.65
2021-08-17,0.92,1.33,1.12,0.58,0.7,1.95
2021-08-18,0.91,1.71,0.82,0.52,0.85,2.15
2021-08-19,1.04,1.61,1.32,0.61,0.97,2.02
2021-08-20,0.91,1.75,1.06,0.57,0.86,2.0
2021-08-23,0.78,1.61,0.95,0.41,0.77,1.74
2021-08-24,0.69,1.64,1.05,0.39,1.03,1.87
2021-08-25,0.8,1.75,1.08,0.42,1.19,2.02
2021-08-26,0.86,1.48,1.07,0.55,0.9,1.98
2021-08-27,0.88,1.88,0.98,0.49,1.38,2.08
2021-08-30,0.77,1.34,1.28,0.42,0.35,1.72
2021-08-31,0.89,1.65,1.33,0.46,1.12,1.94
2021-09-01,0.81,1.79,0.94,0.45,1.27,2.05
2021-09-02,0.68,1.51,0.86,0.42,1.08,1.72
2021-09-03,0.89,1.8,1.05,0.5,0.81,2.25
2021-09-07,0.87,1.83,1.19,0.43,0.84,2.15
2021-09-08,0.86,1.57,1.19,0.42,0.63,2.07
2021-09-09,0.82,1.62,0.97,0.47,1.23,1.85
2021-09-10,0.99,1.74,1.23,0.53,0.45,2.27
2021-09-13,0.91,1.46,1.23,0.46,0.48,2.27
2021-09-14,0.9,1.17,1.54,0.55,0.46,1.73
2021-09-15,0.85,1.21,1.04,0.49,0.3,1.88
2021-09-16,0.84,1.58,0.98,0.49,0.64,1.93
2021-09-17,0.92,1.69,1.05,0.56,0.91,1.91
2021-09-20,1.08,1.65,1.25,0.54,1.16,1.9
2021-09-21,0.89,1.69,1.03,0.44,1.28,1.91
2021-09-22,0.98,1.68,1.34,0.48,1.33,1.8
2021-09-23,0.79,1.39,0.86,0.43,0.79,1.78
2021-09-24,1.0,2.01,1.09,0.57,1.96,2.05
2021-09-27,0.82,2.14,0.74,0.43,1.5,2.26
2021-09-28,1.08,1.78,1.29,0.55,1.31,1.94
2021-09-29,0.93,1.48,1.28,0.51,0.87,1.63
2021-09-30,1.07,1.5,1.31,0.58,0.85,1.62
2021-10-01,0.94,1.36,1.1,0.56,0.77,1.49
2021-10-04,0.97,1.49,1.09,0.59,0.63,1.78
2021-10-05,0.86,1.47,1.13,0.45,0.96,1.67
2021-10-06,0.99,1.22,1.63,0.48,0.55,1.46
2021-10-07,0.95,1.63,1.26,0.52,1.12,1.78
2021-10-08,1.04,2.07,1.16,0.55,1.99,2.11
2021-10-11,0.97,1.75,1.31,0.5,1.16,1.88
2021-10-12,0.8,1.62,1.2,0.41,1.27,1.73
2021-10-13,0.89,1.53,1.22,0.48,0.46,2.04
2021-10-14,0.83,1.46,1.02,0.45,1.27,1.57
2021-10-15,0.86,1.5,1.27,0.48,1.15,1.68
2021-10-18,0.76,1.55,0.86,0.42,0.8,1.94
2021-10-19,0.76,1.44,0.97,0.4,1.12,1.7
2021-10-20,0.78,1.42,0.97,0.42,1.01,1.62
2021-10-21,0.74,1.58,0.97,0.44,1.05,1.81
2021-10-22,0.83,1.36,0.93,0.53,0.43,1.74
2021-10-25,0.71,1.38,0.95,0.41,0.68,1.65
2021-10-26,0.83,1.78,1.07,0.43,1.77,1.79
2021-10-27,0.85,1.53,1.14,0.51,0.6,1.67
2021-10-28,0.66,1.39,1.35,0.36,0.55,1.61
2021-10-29,0.87,1.58,1.42,0.46,0.59,1.86
2021-11-01,0.76,1.64,1.01,0.4,1.16,1.85
2021-11-02,0.71,1.76,0.96,0.37,1.14,2.0
2021-11-03,0.69,1.26,0.98,0.39,0.75,1.5
2021-11-04,0.69,1.61,0.71,0.39,0.92,1.99
2021-11-05,0.78,1.41,0.93,0.44,0.82,1.58
2021-11-08,0.66,1.65,0.91,0.36,0.65,2.02
2021-11-09,0.73,1.42,1.0,0.44,0.8,1.84
2021-11-10,0.87,1.49,1.13,0.48,0.71,1.86
2021-11-11,0.73,1.34,1.25,0.44,0.54,1.8
2021-11-12,0.75,1.46,0.66,0.47,0.63,1.82
2021-11-15,0.78,1.71,0.85,0.42,1.06,1.92
2021-11-16,0.79,1.57,0.95,0.44,1.37,1.71
2021-11-17,0.8,1.34,1.26,0.45,0.72,1.71
2021-11-18,0.7,1.33,0.95,0.45,0.43,1.82
2021-11-19,0.76,1.88,1.06,0.42,0.98,2.18
2021-11-22,0.77,1.52,1.11,0.4,0.8,1.61
2021-11-23,0.84,1.46,1.04,0.53,0.57,1.89
2021-11-24,0.9,1.78,1.05,0.5,1.33,1.89
2021-11-26,0.92,1.17,1.07,0.56,0.52,2.29
2021-11-29,0.87,1.61,1.02,0.42,0.81,2.07
2021-11-30,0.94,1.54,1.21,0.48,0.9,1.87
2021-12-01,0.99,1.43,1.39,0.52,0.56,2.13
2021-12-02,1.08,1.89,1.27,0.62,1.53,2.11
2021-12-03,1.15,1.43,1.4,0.74,0.91,2.23
2021-12-06,1.01,1.53,1.17,0.54,0.73,2.38
2021-12-07,0.95,1.68,1.13,0.43,1.45,1.84
2021-12-08,0.88,1.48,1.18,0.45,0.73,2.1
2021-12-09,0.91,1.58,1.26,0.53,0.69,2.18
2021-12-10,1.08,2.04,1.2,0.61,1.19,2.42
2021-12-13,0.98,1.89,1.0,0.56,1.36,2.05
2021-12-14,0.97,1.41,1.19,0.6,1.19,1.51
2021-12-15,0.92,1.4,0.91,0.59,0.93,1.64
2021-12-16,0.86,1.31,0.95,0.55,0.68,1.61
2021-12-17,0.87,1.18,1.1,0.59,0.29,1.82
2021-12-20,0.85,1.32,0.98,0.47,0.69,1.76
2021-12-21,0.87,1.59,0.96,0.49,0.87,2.14
2021-12-22,0.82,1.25,1.11,0.47,0.72,1.46
2021-12-23,0.79,1.36,1.01,0.49,0.48,1.61
2021-12-27,0.79,1.22,1.04,0.45,0.57,1.38
2021-12-28,0.73,1.34,0.78,0.46,0.75,1.51
2021-12-29,0.92,1.35,1.26,0.55,0.59,1.72
2021-12-30,0.83,1.27,1.32,0.49,0.57,1.68
2021-12-31,0.81,1.29,0.81,0.55,0.36,1.49
2022-01-03,0.76,1.44,0.95,0.43,0.73,1.79
2022-01-04,0.8,1.5,1.11,0.47,0.61,2.02
2022-01-05,1.05,1.85,1.21,0.57,1.06,2.09
2022-01-06,0.97,1.52,1.26,0.6,0.9,1.75
2022-01-07,0.95,1.54,1.17,0.59,0.49,1.86
2022-01-10,1.0,1.49,1.15,0.56,0.85,1.71
2022-01-11,0.76,1.32,0.88,0.44,0.78,1.51
2022-01-12,0.83,1.3,0.85,0.49,0.95,1.44
2022-01-13,0.96,1.49,1.34,0.6,0.74,1.85
2022-01-14,1.09,1.67,1.34,0.64,1.0,1.88
2022-01-18,1.0,1.4,1.29,0.52,0.86,1.75
2022-01-19,0.91,1.32,1.05,0.55,0.55,1.66
2022-01-20,0.99,1.41,1.25,0.62,0.6,1.77
2022-01-21,1.26,1.63,1.53,0.82,1.41,1.75
2022-01-24,1.17,1.58,1.25,0.67,1.1,1.97
2022-01-25,0.89,1.19,0.79,0.61,0.9,1.44
2022-01-26,1.0,1.65,1.01,0.56,1.67,1.64
2022-01-27,1.06,1.59,1.23,0.7,1.22,1.77
2022-01-28,1.03,1.19,1.39,0.72,0.52,1.44
2022-01-31,1.06,1.59,1.33,0.53,1.57,1.59
2022-02-01,0.95,1.44,1.19,0.53,1.25,1.56
2022-02-02,0.97,1.47,1.23,0.52,1.56,1.43
2022-02-03,1.09,1.43,1.43,0.75,0.82,1.75
2022-02-04,0.95,1.28,1.25,0.61,0.77,1.45
2022-02-07,0.93,1.38,1.12,0.53,0.96,1.57
2022-02-08,0.99,1.65,1.13,0.58,1.54,1.73
2022-02-09,0.91,1.53,1.25,0.44,1.59,1.51
2022-02-10,0.88,1.26,1.29,0.49,0.72,1.61
2022-02-11,1.12,1.51,1.49,0.64,0.69,2.02
2022-02-14,1.09,1.22,1.61,0.66,0.58,1.76
2022-02-15,0.93,1.21,1.37,0.5,0.57,2.07
2022-02-16,0.96,1.1,1.55,0.59,0.37,1.65
2022-02-17,1.04,1.42,1.2,0.68,1.18,1.46
2022-02-18,1.12,1.45,1.49,0.73,1.0,1.54
2022-02-22,0.99,1.27,1.36,0.55,0.84,1.39
2022-02-23,0.96,1.08,1.2,0.66,0.65,1.2
2022-02-24,1.03,1.32,1.27,0.67,0.79,1.57
2022-02-25,0.97,1.32,1.28,0.57,1.36,1.3
2022-02-28,0.95,1.38,1.2,0.49,0.93,1.5
2022-03-01,0.89,1.29,1.19,0.5,0.85,1.63
2022-03-02,0.95,1.34,1.24,0.55,0.62,1.71
2022-03-03,0.94,1.22,1.36,0.59,0.64,1.48
2022-03-04,0.95,1.21,1.12,0.67,0.29,2.0
2022-03-07,0.92,1.36,1.03,0.57,0.52,1.85
2022-03-08,0.96,1.37,1.3,0.52,0.73,1.8
2022-03-09,1.14,1.67,1.56,0.54,1.81,1.64
2022-03-10,0.94,1.17,1.27,0.6,0.71,1.38
2022-03-11,1.05,1.44,1.27,0.66,0.66,1.86
2022-03-14,1.0,1.16,1.37,0.63,0.48,1.81
2022-03-15,1.06,1.39,1.3,0.7,0.63,1.92
2022-03-16,1.01,1.5,1.19,0.56,1.36,1.56
2022-03-17,0.91,1.33,1.07,0.56,0.88,1.5
2022-03-18,0.78,1.07,1.14,0.45,0.52,1.45
2022-03-21,0.83,1.3,1.0,0.46,0.49,1.69
2022-03-22,0.93,1.27,1.53,0.49,0.51,1.9
2022-03-23,0.85,1.23,1.27,0.48,0.39,1.78
2022-03-24,0.84,1.54,1.1,0.47,1.07,1.77
2022-03-25,0.87,1.21,1.22,0.5,0.32,1.85
2022-03-28,0.9,1.47,1.18,0.45,0.42,1.9
2022-03-29,0.93,1.65,1.26,0.41,1.8,1.61
2022-03-30,0.86,1.47,1.16,0.42,0.71,1.73
2022-03-31,1.0,1.44,1.24,0.55,0.38,1.74
2022-04-01,1.02,1.61,1.24,0.59,0.62,1.79
2022-04-04,0.81,1.23,1.01,0.48,0.4,1.82
2022-04-05,0.95,1.47,1.14,0.58,0.49,2.12
2022-04-06,0.94,1.01,1.42,0.6,0.25,1.59
2022-04-07,0.88,1.2,1.2,0.6,0.33,1.58
2022-04-08,0.95,1.45,1.17,0.57,0.3,1.78
2022-04-11,1.01,1.38,1.38,0.55,0.21,1.9
2022-04-12,0.94,1.52,1.06,0.52,0.64,1.86
2022-04-13,0.91,1.28,1.16,0.51,0.34,1.63
2022-04-14,0.9,1.34,1.23,0.5,0.36,1.79
2022-04-18,0.95,1.47,1.34,0.45,0.52,1.84
2022-04-19,0.96,1.28,1.47,0.51,0.83,1.59
2022-04-20,0.95,1.22,1.23,0.61,0.33,1.76
2022-04-21,1.11,1.45,1.47,0.72,0.51,2.07
2022-04-22,1.3,1.61,1.48,0.87,0.66,1.98
2022-04-25,1.16,1.36,1.63,0.63,0.57,1.71
2022-04-26,1.07,1.31,1.22,0.72,0.79,1.53
2022-04-27,1.16,1.52,1.32,0.68,0.73,1.82
2022-04-28,1.16,1.69,1.46,0.71,1.86,1.64
2022-04-29,1.33,1.79,1.55,0.78,1.12,1.95
2022-05-02,1.22,1.52,1.48,0.65,0.96,1.69
2022-05-03,1.05,1.53,1.22,0.54,1.25,1.66
2022-05-04,1.05,1.41,1.33,0.58,1.07,1.54
2022-05-05,1.14,1.72,1.26,0.63,1.79,1.65
2022-05-06,1.15,1.51,1.33,0.72,1.1,1.59
2022-05-09,1.27,1.69,1.36,0.78,1.92,1.61
2022-05-10,1.0,1.21,1.15,0.68,0.71,1.36
2022-05-11,1.16,1.32,1.42,0.82,0.54,1.65
2022-05-12,1.23,1.52,1.56,0.81,0.62,2.01
2022-05-13,0.99,1.17,1.32,0.66,0.49,1.51
2022-05-16,0.92,1.17,0.93,0.64,0.22,1.8
2022-05-17,1.02,1.15,1.44,0.69,0.75,1.37
2022-05-18,1.19,1.36,1.42,0.83,0.52,1.82
2022-05-19,1.21,1.46,1.44,0.8,1.23,1.54
2022-05-20,1.17,1.47,1.35,0.8,0.84,1.67
2022-05-23,0.95,1.31,1.07,0.59,0.53,1.55
2022-05-24,1.01,1.17,1.17,0.77,0.56,1.37
2022-05-25,0.89,1.15,0.93,0.63,0.35,1.37
2022-05-26,0.93,1.14,1.18,0.63,0.73,1.27
2022-05-27,0.9,1.19,1.18,0.49,0.65,1.43
2022-05-31,0.96,1.16,1.1,0.64,0.63,1.31
2022-06-01,1.05,1.41,1.03,0.67,0.74,1.6
2022-06-02,0.93,1.11,1.27,0.62,0.42,1.37
2022-06-03,1.05,1.38,1.02,0.77,0.75,1.54
2022-06-06,1.02,1.4,1.28,0.6,0.79,1.57
2022-06-07,0.99,1.29,1.22,0.59,0.82,1.44
2022-06-08,0.92,1.26,0.97,0.57,0.94,1.37
2022-06-09,1.05,1.43,1.06,0.69,0.91,1.56
2022-06-10,1.28,1.58,1.37,0.89,1.03,1.76
2022-06-13,1.3,1.31,1.97,0.84,0.41,1.83
2022-06-14,1.13,1.2,1.41,0.83,0.54,1.36
2022-06-15,1.03,1.17,1.24,0.7,0.38,1.47
2022-06-16,1.24,1.5,1.31,0.86,0.5,1.71
2022-06-17,1.13,1.09,1.9,0.72,0.26,1.42
2022-06-21,0.85,1.15,1.04,0.48,0.49,1.34
2022-06-22,1.04,1.35,1.14,0.63,1.53,1.3
2022-06-23,0.94,1.24,1.0,0.67,0.44,1.35
2022-06-24,0.86,1.22,0.96,0.51,0.51,1.45
2022-06-27,0.95,1.25,0.96,0.62,0.47,1.43
2022-06-28,0.99,1.29,0.97,0.66,0.51,1.47
2022-06-29,1.24,1.22,1.92,0.78,0.44,1.3
2022-06-30,0.96,0.91,1.35,0.74,0.33,1.21
2022-07-01,0.96,1.23,0.95,0.69,0.45,1.43
2022-07-05,0.9,1.12,0.94,0.62,0.46,1.33
2022-07-06,0.87,0.91,1.1,0.65,0.17,1.33
2022-07-07,0.81,0.91,1.12,0.57,0.31,1.24
2022-07-08,0.92,1.27,1.04,0.56,0.6,1.45
2022-07-11,0.91,1.17,0.9,0.64,0.34,1.49
2022-07-12,0.97,1.15,1.05,0.68,0.42,1.46
2022-07-13,1.04,1.07,1.41,0.73,0.36,1.36
2022-07-14,0.94,0.9,1.36,0.75,0.17,1.28
2022-07-15,0.88,1.01,1.23,0.59,0.43,1.3
2022-07-18,0.99,1.41,1.28,0.54,0.97,1.55
2022-07-19,0.96,1.09,1.37,0.59,0.84,1.13
2022-07-20,0.96,1.23,1.07,0.62,0.74,1.36
2022-07-21,0.96,1.22,1.18,0.63,0.5,1.4
2022-07-22,1.08,1.34,1.37,0.73,0.25,1.58
2022-07-25,1.01,1.25,1.17,0.7,0.35,1.53
2022-07-26,1.0,1.26,1.04,0.76,0.69,1.4
2022-07-27,1.05,1.17,1.51,0.66,0.58,1.36
2022-07-28,0.94,1.2,1.02,0.67,0.48,1.38
2022-07-29,0.99,1.22,1.38,0.61,0.82,1.36
2022-08-01,1.02,1.27,1.37,0.67,0.35,1.53
2022-08-02,0.99,1.26,1.49,0.57,0.74,1.44
2022-08-03,0.89,1.09,1.29,0.56,0.46,1.19
2022-08-04,0.86,1.21,1.17,0.55,0.61,1.34
2022-08-05,0.86,1.04,1.18,0.58,0.2,1.49
2022-08-08,0.99,1.32,1.39,0.56,0.43,1.63
2022-08-09,0.95,1.16,1.11,0.7,0.42,1.44
2022-08-10,0.97,1.21,1.3,0.58,0.46,1.49
2022-08-11,0.92,1.22,1.35,0.51,0.52,1.35
2022-08-12,0.94,1.33,1.27,0.5,0.71,1.52
2022-08-15,0.9,1.09,1.2,0.57,0.74,1.23
2022-08-16,0.85,0.98,1.39,0.53,0.49,1.25
2022-08-17,0.91,1.07,1.17,0.61,0.37,1.32
2022-08-18,0.92,1.14,1.39,0.58,0.32,1.29
2022-08-19,1.01,1.3,1.2,0.74,0.65,1.43
2022-08-22,1.08,1.39,1.42,0.65,0.69,1.56
2022-08-23,0.98,1.16,1.33,0.65,0.26,1.3
2022-08-24,0.91,1.2,0.96,0.63,0.57,1.3
2022-08-25,0.89,1.09,1.26,0.59,0.46,1.16
2022-08-26,1.1,1.39,1.17,0.76,1.26,1.41
2022-08-29,1.22,1.56,1.46,0.74,1.92,1.49
2022-08-30,1.2,1.33,1.56,0.8,0.57,1.47
2022-08-31,1.11,1.32,1.24,0.78,0.33,1.46
2022-09-01,1.03,0.98,1.41,0.84,0.25,1.28
2022-09-02,1.13,1.34,1.22,0.81,0.34,1.53
2022-09-06,1.13,1.32,1.39,0.72,0.41,1.5
2022-09-07,1.0,1.09,1.25,0.75,0.3,1.26
2022-09-08,0.97,1.07,1.3,0.65,0.39,1.21
2022-09-09,0.93,1.17,1.39,0.52,0.39,1.36
2022-09-12,1.05,1.41,1.21,0.57,0.55,1.58
2022-09-13,1.15,1.34,1.46,0.73,0.4,1.64
2022-09-14,1.08,1.17,1.48,0.75,0.29,1.54
2022-09-15,1.07,1.31,1.27,0.73,0.38,1.48
2022-09-16,1.17,1.22,1.72,0.81,0.49,1.5
2022-09-19,0.88,1.06,1.21,0.54,0.25,1.36
2022-09-20,0.98,1.05,1.3,0.67,0.46,1.27
2022-09-21,1.05,1.26,1.19,0.71,1.17,1.27
2022-09-22,1.16,1.38,1.27,0.83,0.7,1.52
2022-09-23,1.36,1.43,1.67,1.02,0.74,1.71
2022-09-26,0.97,0.88,1.41,0.8,0.19,1.54
2022-09-27,1.15,1.37,1.09,0.78,0.54,1.69
2022-09-28,1.09,1.31,1.09,0.75,0.94,1.35
2022-09-29,1.12,1.19,1.26,0.91,0.47,1.4
2022-09-30,1.12,1.35,1.15,0.77,1.04,1.41
2022-10-03,0.96,1.01,1.21,0.71,0.3,1.2
2022-10-04,0.99,1.15,1.13,0.64,0.61,1.28
2022-10-05,0.89,0.88,1.14,0.72,0.31,1.03
2022-10-06,0.91,0.98,1.04,0.71,0.3,1.27
2022-10-07,1.04,1.09,1.14,0.88,0.68,1.17
2022-10-10,1.05,1.12,1.44,0.65,0.48,1.24
2022-10-11,0.97,0.97,1.2,0.77,0.3,1.23
2022-10-12,1.02,1.19,1.03,0.74,0.81,1.31
2022-10-13,0.9,0.99,0.98,0.66,0.3,1.26
2022-10-14,0.91,0.99,1.16,0.63,0.18,1.48
2022-10-17,0.97,1.16,1.08,0.61,0.35,1.49
2022-10-18,0.96,1.07,1.1,0.66,0.39,1.31
2022-10-19,1.02,1.18,1.1,0.74,0.44,1.39
2022-10-20,1.05,1.27,1.21,0.7,0.9,1.34
2022-10-21,0.92,1.14,1.09,0.58,0.47,1.35
2022-10-24,0.92,1.24,1.02,0.55,0.5,1.36
2022-10-25,0.9,1.07,1.03,0.62,0.46,1.23
2022-10-26,0.94,1.15,1.03,0.65,0.53,1.3
2022-10-27,1.08,1.2,1.3,0.85,0.43,1.46
2022-10-28,0.93,1.01,1.23,0.66,0.31,1.15
2022-10-31,0.94,1.08,1.15,0.61,0.25,1.31
2022-11-01,0.95,1.13,1.18,0.63,0.6,1.29
2022-11-02,1.18,1.23,1.19,1.14,0.41,1.46
2022-11-03,1.06,1.28,1.33,0.69,0.33,1.55
2022-11-04,1.02,1.33,0.96,0.74,0.62,1.47
2022-11-07,0.88,1.04,0.94,0.67,0.2,1.28
2022-11-08,1.15,1.11,1.03,1.3,0.6,1.24
2022-11-09,1.01,0.99,1.12,0.96,0.3,1.32
2022-11-10,0.88,1.11,0.94,0.6,0.33,1.38
2022-11-11,0.75,0.92,0.83,0.55,0.3,1.25
2022-11-14,0.88,0.99,1.13,0.61,0.44,1.3
2022-11-15,0.84,1.03,0.95,0.58,0.38,1.38
2022-11-16,1.22,1.07,1.34,1.33,0.24,1.42
2022-11-17,0.97,1.15,1.05,0.73,0.18,1.4
2022-11-18,0.87,1.24,0.91,0.61,0.31,1.37
2022-11-21,0.86,1.11,1.04,0.64,0.26,1.33
2022-11-22,1.17,1.05,1.07,1.35,0.34,1.38
2022-11-23,1.07,1.14,1.2,0.88,0.38,1.49
2022-11-25,0.94,1.27,1.0,0.63,0.64,1.57
2022-11-28,1.05,1.28,1.1,0.76,0.29,1.56
2022-11-29,1.03,1.35,1.0,0.72,0.32,1.6
2022-11-30,1.2,1.14,1.18,1.27,0.4,1.32
2022-12-01,0.96,1.14,0.94,0.81,0.54,1.31
2022-12-02,0.84,1.11,0.83,0.58,0.7,1.21
2022-12-05,0.93,1.18,0.97,0.66,0.38,1.44
2022-12-06,1.04,1.28,1.05,0.73,0.5,1.44
2022-12-07,1.22,1.2,0.97,1.46,0.18,1.39
2022-12-08,0.92,1.19,0.83,0.68,0.68,1.25
2022-12-09,1.15,1.32,1.18,0.95,0.71,1.42
2022-12-12,1.01,1.21,1.15,0.64,0.72,1.39
2022-12-13,0.93,1.08,0.92,0.7,0.53,1.27
2022-12-14,1.26,1.21,1.24,1.33,0.91,1.36
2022-12-15,1.15,1.4,1.27,0.73,0.73,1.64
2022-12-16,1.28,1.29,1.4,1.19,0.74,1.47
2022-12-19,0.98,1.3,1.12,0.62,0.84,1.42
2022-12-20,0.97,1.03,1.1,0.78,0.48,1.39
2022-12-21,1.5,1.01,1.76,2.03,0.22,1.29
2022-12-22,1.27,1.17,1.34,1.35,0.49,1.31
2022-12-23,1.01,1.19,1.05,0.77,0.67,1.31
2022-12-27,1.0,1.11,1.1,0.82,0.26,1.25
2022-12-28,1.91,1.24,2.29,2.4,0.54,1.38
2022-12-29,1.25,1.12,1.31,1.33,0.44,1.26
2022-12-30,1.19,1.43,1.21,0.84,0.44,1.56
2023-01-03,0.99,1.24,1.1,0.63,0.51,1.46
2023-01-04,1.12,1.32,1.34,0.76,0.63,1.47
2023-01-05,1.02,1.15,1.05,0.86,0.51,1.26
2023-01-06,0.99,1.01,1.09,0.91,0.34,1.22
2023-01-09,0.89,1.09,1.03,0.58,0.42,1.27
2023-01-10,0.98,1.15,1.15,0.64,0.61,1.32
2023-01-11,0.96,1.02,1.33,0.7,0.31,1.34
2023-01-12,0.96,1.18,1.03,0.65,0.71,1.34
2023-01-13,0.93,1.07,1.13,0.69,0.42,1.48
2023-01-17,0.97,1.27,1.12,0.59,0.74,1.45
2023-01-18,1.22,1.08,1.37,1.31,0.27,1.39
2023-01-19,0.99,1.05,1.2,0.76,0.3,1.27
2023-01-20,0.85,1.12,1.05,0.54,0.48,1.2
2023-01-23,0.87,1.2,0.95,0.53,0.7,1.26
2023-01-24,1.03,1.24,1.2,0.68,0.79,1.4
2023-01-25,0.99,1.08,1.14,0.75,0.52,1.28
2023-01-26,0.89,1.0,0.99,0.68,0.36,1.17
2023-01-27,0.84,1.23,1.02,0.51,0.55,1.41
2023-01-30,0.91,1.16,1.06,0.56,0.38,1.31
2023-01-31,0.92,1.03,1.13,0.66,0.29,1.34
2023-02-01,0.9,1.04,1.11,0.59,0.35,1.28
2023-02-02,0.8,0.91,1.17,0.49,0.29,1.28
2023-02-03,0.91,1.12,1.21,0.57,0.44,1.37
2023-02-06,0.85,0.87,1.0,0.71,0.25,1.34
2023-02-07,0.91,1.08,1.08,0.6,0.65,1.19
2023-02-08,0.9,1.14,0.94,0.63,0.53,1.28
2023-02-09,0.88,1.01,1.05,0.63,0.28,1.4
2023-02-10,1.03,1.17,1.32,0.69,0.57,1.42
2023-02-13,0.92,1.05,1.13,0.6,0.51,1.45
2023-02-14,0.96,1.05,1.19,0.61,0.44,1.46
2023-02-15,0.93,1.08,1.22,0.58,0.35,1.52
2023-02-16,0.89,1.0,1.08,0.6,0.18,1.49
2023-02-17,1.03,1.4,1.07,0.67,0.57,1.61
2023-02-21,0.98,1.12,1.15,0.68,0.53,1.33
2023-02-22,1.13,1.41,1.2,0.8,0.77,1.52
2023-02-23,1.04,1.19,1.18,0.76,0.34,1.42
2023-02-24,1.11,1.23,1.25,0.82,0.35,1.45
2023-02-27,1.04,1.31,1.09,0.66,0.65,1.46
2023-02-28,1.02,1.21,1.14,0.69,0.44,1.4
2023-03-01,1.13,1.24,1.16,0.97,0.46,1.35
2023-03-02,1.09,1.21,1.23,0.81,0.63,1.3
2023-03-03,0.91,1.02,1.21,0.59,0.25,1.33
2023-03-06,1.0,1.13,1.16,0.67,0.43,1.34
2023-03-07,0.87,0.8,1.21,0.74,0.12,1.3
2023-03-08,0.99,1.06,1.15,0.73,0.36,1.31
2023-03-09,1.04,1.08,1.2,0.81,0.28,1.49
2023-03-10,1.23,1.11,1.7,1.11,0.42,1.89
2023-03-13,1.02,1.05,1.3,0.76,0.43,1.51
2023-03-14,1.07,1.14,1.37,0.75,0.56,1.4
2023-03-15,1.0,0.97,1.35,0.8,0.45,1.4
2023-03-16,0.98,1.12,1.15,0.66,0.73,1.24
2023-03-17,0.98,1.18,1.14,0.65,0.55,1.46
2023-03-20,0.8,0.94,0.98,0.5,0.33,1.47
2023-03-21,1.03,1.23,1.18,0.62,0.89,1.43
2023-03-22,0.92,1.0,1.15,0.63,0.29,1.49
2023-03-23,1.12,1.27,1.35,0.77,0.39,1.52
2023-03-24,1.1,1.25,1.38,0.73,0.5,1.5
2023-03-27,0.94,1.15,0.97,0.67,0.41,1.38
2023-03-28,1.09,1.27,1.22,0.74,0.74,1.39
2023-03-29,0.98,0.99,1.49,0.64,0.4,1.22
2023-03-30,0.95,1.08,1.11,0.66,0.27,1.35
2023-03-31,1.04,1.12,1.46,0.59,0.49,1.32
2023-04-03,0.94,1.02,1.28,0.61,0.38,1.32
2023-04-04,1.11,1.11,1.52,0.77,0.25,1.43
2023-04-05,1.0,1.14,1.27,0.66,0.27,1.4
2023-04-06,1.0,1.12,1.24,0.69,0.27,1.57
2023-04-10,1.06,1.33,1.23,0.63,0.42,1.52
2023-04-11,1.02,1.26,1.3,0.56,0.86,1.45
2023-04-12,1.0,1.06,1.24,0.7,0.35,1.33
2023-04-13,0.92,0.99,1.16,0.62,0.4,1.29
2023-04-14,0.91,1.01,1.07,0.65,0.41,1.35
2023-04-17,1.02,1.28,1.03,0.65,0.79,1.49
2023-04-18,0.92,1.02,1.06,0.64,0.43,1.45
2023-04-19,1.02,1.07,1.3,0.8,0.42,1.64
2023-04-20,0.99,1.07,1.21,0.74,0.37,1.39
2023-04-21,0.89,1.03,1.16,0.61,0.26,1.41
2023-04-24,0.87,1.07,1.01,0.57,0.43,1.33
2023-04-25,1.01,1.07,1.02,0.9,0.38,1.46
2023-04-26,1.07,1.09,1.31,0.87,0.3,1.31
2023-04-27,1.01,1.12,1.28,0.7,0.59,1.26
2023-04-28,0.98,1.06,1.17,0.76,0.37,1.27
2023-05-01,0.98,1.12,1.14,0.7,0.55,1.29
2023-05-02,1.02,1.05,1.22,0.78,0.43,1.4
2023-05-03,1.11,1.31,1.38,0.75,1.12,1.36
2023-05-04,0.91,0.82,1.31,0.82,0.22,1.39
2023-05-05,0.95,1.11,1.1,0.69,0.57,1.29
2023-05-08,1.04,1.25,1.27,0.73,0.52,1.45
2023-05-09,0.93,1.07,1.16,0.67,0.44,1.35
2023-05-10,0.96,1.04,1.16,0.68,0.48,1.29
2023-05-11,0.9,1.01,1.07,0.67,0.35,1.39
2023-05-12,0.92,1.12,0.94,0.7,0.49,1.38
2023-05-15,0.94,1.17,1.08,0.56,0.68,1.37
2023-05-16,0.94,1.0,1.23,0.68,0.4,1.5
2023-05-17,0.99,1.1,1.26,0.68,0.62,1.26
2023-05-18,0.82,0.82,1.09,0.65,0.23,1.18
2023-05-19,0.9,1.07,1.2,0.56,0.47,1.38
2023-05-22,0.82,0.89,1.24,0.54,0.17,1.44
2023-05-23,1.0,1.18,1.27,0.59,0.36,1.38
2023-05-24,1.06,1.22,1.12,0.77,0.87,1.32
2023-05-25,0.9,1.22,1.01,0.56,1.21,1.21
2023-05-26,0.88,1.14,1.1,0.53,0.36,1.38
2023-05-30,0.9,1.1,1.26,0.51,0.36,1.38
2023-05-31,1.06,1.19,1.28,0.81,0.32,1.38
2023-06-01,0.88,1.0,1.13,0.58,0.43,1.32
2023-06-02,0.76,0.79,1.06,0.52,0.28,1.21
2023-06-05,0.97,1.11,1.42,0.57,0.32,1.32
2023-06-06,0.93,1.15,1.15,0.55,0.82,1.33
2023-06-07,0.9,1.13,1.09,0.59,0.71,1.25
2023-06-08,0.87,0.95,1.24,0.58,0.44,1.25
2023-06-09,0.84,1.12,1.01,0.5,0.64,1.28
2023-06-12,0.88,1.06,1.17,0.52,0.42,1.34
2023-06-13,0.82,0.97,1.02,0.56,0.4,1.24
2023-06-14,1.01,0.96,1.61,0.74,0.24,1.28
2023-06-15,0.88,1.02,1.22,0.52,0.29,1.24
2023-06-16,0.82,1.24,0.92,0.46,0.68,1.45
2023-06-20,0.84,1.05,1.02,0.5,0.47,1.51
2023-06-21,0.91,1.12,1.16,0.53,0.35,1.46
2023-06-22,0.83,0.92,1.01,0.64,0.29,1.24
2023-06-23,0.89,1.04,1.11,0.64,0.19,1.34
2023-06-26,0.9,1.13,1.07,0.55,0.32,1.38
2023-06-27,0.92,1.08,1.34,0.52,0.33,1.36
2023-06-28,0.84,0.92,1.1,0.59,0.25,1.21
2023-06-29,0.87,1.08,1.03,0.58,0.35,1.24
2023-06-30,0.88,1.11,1.04,0.53,0.3,1.4
2023-07-03,0.84,1.31,1.02,0.52,0.49,1.52
2023-07-05,0.95,1.26,1.25,0.58,0.57,1.54
2023-07-06,0.93,1.05,1.25,0.57,0.57,1.33
2023-07-07,0.83,1.05,0.99,0.52,0.32,1.31
2023-07-10,0.86,1.15,1.06,0.51,0.5,1.3
2023-07-11,0.74,1.04,0.93,0.39,0.62,1.22
2023-07-12,0.86,1.01,1.13,0.52,0.48,1.27
2023-07-13,0.83,1.23,0.93,0.48,0.84,1.31
2023-07-14,0.84,1.24,1.06,0.48,0.55,1.48
2023-07-17,0.84,1.15,0.99,0.56,0.39,1.52
2023-07-18,0.78,1.01,1.02,0.5,0.4,1.32
2023-07-19,0.83,1.13,0.9,0.48,0.76,1.34
2023-07-20,0.87,1.09,1.06,0.61,0.4,1.38
2023-07-21,0.85,1.18,1.09,0.56,0.19,1.43
2023-07-24,0.82,1.03,1.19,0.5,0.24,1.44
2023-07-25,0.87,1.11,1.09,0.58,0.52,1.34
2023-07-26,0.96,1.44,1.09,0.55,0.86,1.6
2023-07-27,0.96,1.29,1.11,0.56,0.92,1.37
2023-07-28,0.92,1.1,1.1,0.71,0.3,1.3
2023-07-31,0.9,1.22,1.05,0.56,0.48,1.45
2023-08-01,0.84,0.96,1.12,0.58,0.27,1.32
2023-08-02,0.97,1.22,1.01,0.62,0.89,1.42
2023-08-03,0.88,1.09,0.91,0.62,0.42,1.43
2023-08-04,1.01,1.29,1.17,0.66,0.69,1.45
2023-08-07,1.03,1.31,1.34,0.65,0.47,1.51
2023-08-08,1.0,1.16,1.29,0.65,0.71,1.33
2023-08-09,0.98,1.13,1.17,0.68,0.63,1.32
2023-08-10,1.07,1.29,1.18,0.7,1.05,1.36
2023-08-11,1.0,1.15,1.13,0.8,0.39,1.43
2023-08-14,0.97,1.1,1.15,0.7,0.52,1.39
2023-08-15,1.05,1.2,1.18,0.75,0.75,1.41
2023-08-16,1.26,1.24,1.57,1.03,0.68,1.44
2023-08-17,1.09,1.12,1.21,0.97,0.32,1.52
2023-08-18,1.12,1.38,1.25,0.76,0.77,1.62
2023-08-21,0.91,1.17,1.12,0.55,0.44,1.32
2023-08-22,0.95,1.1,1.06,0.68,0.56,1.3
2023-08-23,1.18,1.26,1.48,0.89,0.34,1.48
2023-08-24,1.12,1.32,1.26,0.79,0.76,1.35
2023-08-25,1.11,1.16,1.2,0.97,0.25,1.39
2023-08-28,1.04,1.17,1.14,0.77,0.42,1.37
2023-08-29,0.96,1.03,1.29,0.69,0.26,1.23
2023-08-30,1.09,1.17,1.31,0.86,0.57,1.3
2023-08-31,0.95,1.04,1.23,0.67,0.3,1.46
2023-09-01,1.04,1.37,1.16,0.65,0.65,1.54
2023-09-05,1.05,1.26,1.23,0.74,0.59,1.45
2023-09-06,1.23,1.27,1.5,0.98,0.46,1.46
2023-09-07,1.12,1.28,1.38,0.81,0.63,1.43
2023-09-08,1.05,1.29,1.21,0.75,0.32,1.54
2023-09-11,1.01,1.21,1.3,0.7,0.28,1.48
2023-09-12,0.99,1.05,1.15,0.84,0.39,1.2
2023-09-13,1.27,1.23,1.62,1.14,0.79,1.47
2023-09-14,1.07,1.2,1.14,0.85,0.44,1.48
2023-09-15,0.94,1.04,1.08,0.7,0.43,1.44
2023-09-18,1.03,1.19,1.52,0.61,0.56,1.43
2023-09-19,0.91,0.94,1.02,0.76,0.46,1.32
2023-09-20,1.08,1.12,1.38,0.79,0.43,1.47
2023-09-21,1.15,1.25,1.23,0.88,0.78,1.45
2023-09-22,1.16,1.28,1.3,0.85,0.51,1.57
2023-09-25,1.09,1.19,1.34,0.71,0.28,1.55
2023-09-26,1.14,1.17,1.3,0.88,0.67,1.4
2023-09-27,1.29,1.2,1.86,0.94,0.65,1.37
2023-09-28,1.0,1.03,1.14,0.8,0.38,1.35
2023-09-29,1.04,1.26,0.98,0.73,0.91,1.35
2023-10-02,1.09,1.24,1.15,0.76,0.69,1.36
2023-10-03,1.13,1.25,1.16,0.8,0.76,1.49
2023-10-04,1.59,1.39,2.36,1.11,1.14,1.44
2023-10-05,1.3,1.43,1.5,0.86,1.56,1.36
2023-10-06,0.96,1.11,0.98,0.68,0.52,1.23
2023-10-09,1.08,1.25,1.23,0.66,0.85,1.35
2023-10-10,0.97,1.09,1.09,0.63,0.45,1.35
2023-10-11,1.26,1.17,1.7,1.04,0.53,1.35
2023-10-12,1.11,1.14,1.43,0.8,0.86,1.21
2023-10-13,1.06,1.15,1.3,0.7,0.58,1.69
2023-10-16,1.05,1.1,1.36,0.7,0.46,1.4
2023-10-17,1.05,1.02,1.43,0.8,0.4,1.3
2023-10-18,1.02,1.2,1.01,0.68,0.49,1.53
2023-10-19,1.05,1.29,0.94,0.78,0.69,1.38
2023-10-20,1.04,1.2,1.1,0.76,0.87,1.27
2023-10-23,0.89,1.02,1.14,0.52,0.25,1.39
2023-10-24,0.91,1.15,1.02,0.55,0.45,1.29
2023-10-25,1.26,1.24,1.84,0.9,0.73,1.38
2023-10-26,1.12,1.22,1.37,0.77,0.58,1.35
2023-10-27,1.17,1.27,1.43,0.82,0.53,1.55
2023-10-30,1.09,1.13,1.55,0.68,0.28,1.38
2023-10-31,1.09,1.08,1.39,0.82,0.44,1.33
2023-11-01,0.99,1.2,0.88,0.7,0.48,1.36
2023-11-02,1.0,1.16,0.94,0.77,0.82,1.2
2023-11-03,0.91,1.11,1.02,0.54,0.74,1.17
2023-11-06,1.09,1.27,1.1,0.77,0.79,1.42
2023-11-07,0.98,1.13,1.08,0.65,0.88,1.2
2023-11-08,1.18,1.07,1.46,1.18,0.44,1.21
2023-11-09,1.13,1.28,1.2,0.86,0.88,1.36
2023-11-10,1.12,1.2,1.06,1.03,0.93,1.24
2023-11-13,1.13,1.22,1.3,0.88,0.79,1.35
2023-11-14,0.98,1.12,0.96,0.74,1.04,1.13
2023-11-15,0.81,0.94,1.04,0.48,0.27,1.38
2023-11-16,0.91,1.18,0.81,0.64,0.38,1.39
2023-11-17,0.86,1.04,1.13,0.54,0.41,1.46
2023-11-20,0.95,1.19,1.15,0.53,0.57,1.32
2023-11-21,1.07,1.02,1.12,1.1,0.34,1.32
2023-11-22,0.94,1.01,1.11,0.78,0.35,1.22
2023-11-24,1.11,1.3,1.1,0.91,0.46,1.63
2023-11-27,1.12,1.26,1.19,0.87,0.57,1.45
2023-11-28,0.98,1.1,1.0,0.79,0.46,1.31
2023-11-29,0.81,0.99,0.78,0.55,0.36,1.24
2023-11-30,0.89,0.98,1.13,0.6,0.3,1.23
2023-12-01,0.84,0.99,1.13,0.51,0.3,1.2
2023-12-04,0.82,1.04,0.94,0.53,0.21,1.25
2023-12-05,0.91,1.1,0.99,0.57,0.33,1.26
2023-12-06,0.89,1.02,1.11,0.59,0.37,1.22
2023-12-07,0.93,1.17,1.0,0.59,0.5,1.32
2023-12-08,0.89,1.16,0.9,0.56,0.61,1.25
2023-12-11,0.92,1.1,1.11,0.53,0.37,1.44
2023-12-12,0.99,1.27,0.86,0.58,0.81,1.49
2023-12-13,1.01,0.94,0.95,1.16,0.44,1.14
2023-12-14,0.81,1.09,0.73,0.55,0.37,1.28
2023-12-15,0.77,1.01,0.73,0.53,0.22,1.48
2023-12-18,0.96,1.31,1.03,0.57,0.45,1.43
2023-12-19,0.88,1.03,0.96,0.61,0.33,1.23
2023-12-20,0.93,1.05,1.01,0.59,0.35,1.55
2023-12-21,0.94,1.09,1.1,0.58,0.41,1.3
2023-12-22,0.87,1.17,0.97,0.5,0.51,1.31
2023-12-26,0.92,1.27,1.07,0.56,0.35,1.4
2023-12-27,1.08,1.12,1.2,0.96,0.27,1.32
2023-12-28,0.89,1.06,0.97,0.66,0.2,1.24
2023-12-29,0.93,1.21,0.88,0.65,0.48,1.33
2024-01-02,0.94,1.07,1.1,0.65,0.27,1.36
2024-01-03,1.05,1.2,1.22,0.69,0.38,1.37
2024-01-04,0.95,1.1,1.03,0.69,0.53,1.22
2024-01-05,1.18,1.3,1.78,0.7,0.83,1.38
2024-01-08,0.84,0.9,1.08,0.59,0.29,1.23
2024-01-09,0.93,1.09,1.04,0.61,0.46,1.29
2024-01-10,1.28,0.98,1.73,1.55,0.45,1.19
2024-01-11,1.04,1.14,1.13,0.8,0.51,1.25
2024-01-12,0.88,0.81,1.22,0.83,0.19,1.34
2024-01-16,1.01,1.05,1.17,0.84,0.4,1.4
2024-01-17,1.01,1.11,1.19,0.69,0.45,1.42
2024-01-18,0.91,1.17,0.81,0.69,0.5,1.28
2024-01-19,0.88,1.14,0.9,0.59,0.37,1.27
2024-01-22,0.82,1.01,0.99,0.49,0.2,1.34
2024-01-23,0.91,0.9,1.45,0.57,0.42,1.23
2024-01-24,0.97,1.22,0.92,0.67,0.54,1.31
2024-01-25,0.94,1.19,1.02,0.67,0.5,1.3
2024-01-26,0.91,1.08,0.99,0.66,0.21,1.34
2024-01-29,0.94,1.23,1.08,0.57,0.57,1.34
2024-01-30,0.91,1.18,0.84,0.66,0.41,1.44
2024-01-31,0.92,1.11,0.94,0.64,0.62,1.27
2024-02-01,1.0,1.17,1.23,0.64,0.55,1.31
2024-02-02,1.04,1.26,1.39,0.62,0.9,1.3
2024-02-05,0.93,1.09,0.98,0.65,0.37,1.3
2024-02-06,0.82,0.88,0.82,0.73,0.29,1.26
2024-02-07,0.98,1.06,1.34,0.7,0.39,1.35
2024-02-08,0.84,1.01,0.97,0.62,0.49,1.23
2024-02-09,0.82,1.07,0.99,0.48,0.37,1.45
2024-02-12,1.0,1.09,1.65,0.55,0.38,1.35
2024-02-13,0.89,0.89,1.21,0.65,0.28,1.51
2024-02-14,0.96,1.13,1.23,0.57,0.41,1.57
2024-02-15,0.85,0.95,1.14,0.54,0.18,1.29
2024-02-16,0.93,1.34,1.07,0.53,0.36,1.49
2024-02-20,0.93,1.15,1.08,0.55,0.44,1.35
2024-02-21,1.09,1.37,1.1,0.72,0.99,1.45
2024-02-22,0.94,1.08,1.08,0.66,0.38,1.26
2024-02-23,0.96,1.25,0.98,0.66,0.66,1.34
2024-02-26,1.0,1.18,1.26,0.7,0.5,1.38
2024-02-27,0.97,1.24,1.11,0.61,0.68,1.39
2024-02-28,0.87,1.2,1.07,0.48,0.52,1.37
2024-02-29,0.93,1.19,0.92,0.64,0.47,1.28
2024-03-01,0.97,1.13,1.32,0.6,0.38,1.32
2024-03-04,0.86,1.14,0.81,0.64,0.34,1.48
2024-03-05,1.04,1.21,1.11,0.7,0.8,1.32
2024-03-06,1.06,1.18,1.22,0.83,0.36,1.29
2024-03-07,0.95,1.22,1.12,0.56,0.73,1.33
2024-03-08,0.92,1.18,0.95,0.56,0.48,1.4
2024-03-11,1.03,1.34,1.08,0.68,0.61,1.53
2024-03-12,1.07,1.19,1.29,0.68,0.45,1.44
2024-03-13,0.87,1.04,0.94,0.59,0.35,1.46
2024-03-14,0.9,1.09,0.83,0.63,0.41,1.4
2024-03-15,0.8,0.87,0.97,0.61,0.19,1.42
2024-03-18,0.86,1.0,1.18,0.5,0.3,1.51
2024-03-19,1.02,1.13,1.26,0.66,0.61,1.38
2024-03-20,0.98,1.07,1.17,0.72,0.27,1.51
2024-03-21,0.99,1.13,1.22,0.67,0.52,1.35
2024-03-22,1.29,1.38,2.38,0.65,0.69,1.54
2024-03-25,1.02,1.28,1.2,0.7,0.32,1.59
2024-03-26,1.0,1.31,1.04,0.64,0.65,1.52
2024-03-27,1.02,1.29,1.07,0.67,0.68,1.43
2024-03-28,1.19,1.13,2.2,0.56,0.27,1.39
2024-04-01,0.94,1.15,0.97,0.65,0.2,1.41
2024-04-02,0.95,1.19,0.85,0.66,0.68,1.4
2024-04-03,1.06,1.35,1.13,0.69,0.96,1.41
2024-04-04,1.03,1.18,1.15,0.68,0.78,1.35
2024-04-05,1.19,1.51,1.24,0.71,1.13,1.66
2024-04-08,1.02,1.26,1.11,0.64,0.67,1.54
2024-04-09,1.05,1.27,1.08,0.72,0.98,1.38
2024-04-10,1.01,1.11,1.21,0.63,0.49,1.37
2024-04-11,0.98,1.2,1.05,0.63,0.7,1.37
2024-04-12,0.85,0.9,0.89,0.68,0.42,1.44
2024-04-15,0.92,0.98,1.06,0.64,0.44,1.37
2024-04-16,0.83,0.94,0.71,0.73,0.4,1.37
2024-04-17,1.27,1.14,1.72,1.13,0.51,1.39
2024-04-18,0.99,1.27,0.91,0.68,0.73,1.42
2024-04-19,1.03,1.28,1.18,0.65,0.66,1.44
2024-04-22,0.91,1.1,1.05,0.57,0.43,1.36
2024-04-23,1.03,1.24,1.14,0.65,0.86,1.37
2024-04-24,0.94,1.06,1.07,0.71,0.55,1.25
2024-04-25,0.93,1.02,1.12,0.68,0.42,1.23
2024-04-26,1.0,1.41,1.21,0.55,1.37,1.42
2024-04-29,0.93,1.2,1.0,0.61,0.43,1.38
2024-04-30,0.94,1.14,1.09,0.6,0.53,1.27
2024-05-01,1.06,1.19,1.2,0.84,0.57,1.39
2024-05-02,0.99,1.19,1.04,0.73,0.37,1.33
2024-05-03,0.94,1.21,0.98,0.6,0.79,1.37
2024-05-06,1.29,1.24,2.86,0.63,0.73,1.45
2024-05-07,0.99,1.15,1.1,0.72,0.73,1.39
2024-05-08,0.97,1.13,1.11,0.69,0.54,1.36
2024-05-09,0.85,1.04,1.03,0.55,0.43,1.24
2024-05-10,0.9,1.14,0.98,0.6,0.51,1.38
2024-05-13,0.89,1.11,1.13,0.57,0.46,1.46
2024-05-14,0.9,1.17,1.17,0.53,0.73,1.33
2024-05-15,0.88,0.91,1.26,0.57,0.39,1.32
2024-05-16,0.82,1.02,0.77,0.59,0.46,1.34
2024-05-17,0.81,1.1,0.86,0.54,0.49,1.47
2024-05-20,1.0,1.17,1.48,0.53,0.67,1.43
2024-05-21,0.83,0.94,1.02,0.59,0.3,1.4
2024-05-22,0.82,0.93,1.04,0.57,0.17,1.45
2024-05-23,0.9,0.94,1.19,0.65,0.25,1.33
2024-05-24,1.0,1.16,1.28,0.67,0.28,1.45
2024-05-28,0.88,1.08,1.08,0.56,0.3,1.44
2024-05-29,1.0,1.16,1.15,0.68,0.42,1.45
2024-05-30,1.01,1.09,1.1,0.87,0.56,1.26
2024-05-31,0.94,1.08,0.94,0.73,0.56,1.24
2024-06-03,0.89,1.0,1.1,0.58,0.38,1.26
2024-06-04,0.95,1.23,0.88,0.61,0.85,1.29
2024-06-05,0.98,1.07,1.1,0.75,0.41,1.31
2024-06-06,0.99,0.91,2.07,0.59,0.34,1.31
2024-06-07,0.85,1.01,0.95,0.58,0.4,1.27
2024-06-10,0.9,1.12,1.21,0.58,0.51,1.26
2024-06-11,0.88,1.07,0.97,0.59,0.49,1.3
2024-06-12,0.66,1.0,0.45,0.53,0.41,1.23
2024-06-13,0.79,1.06,0.48,0.87,0.31,1.41
2024-06-14,0.93,1.04,1.5,0.58,0.24,1.58
2024-06-17,0.87,1.0,0.98,0.62,0.39,1.32
2024-06-18,0.87,1.07,0.97,0.58,0.32,1.47
2024-06-20,0.87,1.09,0.85,0.62,0.44,1.44
2024-06-21,0.83,1.12,0.81,0.63,0.52,1.34
2024-06-24,0.92,1.22,1.07,0.58,0.3,1.43
2024-06-25,0.9,1.14,1.11,0.59,0.23,1.33
2024-06-26,0.75,0.95,0.91,0.54,0.2,1.28
2024-06-27,0.85,0.89,0.94,0.76,0.14,1.23
2024-06-28,0.89,1.03,1.02,0.64,0.3,1.2
2024-07-01,0.93,1.19,1.15,0.56,0.43,1.47
2024-07-02,0.94,1.1,1.07,0.7,0.49,1.32
2024-07-03,0.84,1.11,0.96,0.51,0.47,1.4
2024-07-05,0.89,1.3,0.87,0.56,0.58,1.43
2024-07-08,0.79,0.93,1.1,0.51,0.25,1.35
2024-07-09,0.9,1.26,0.95,0.57,0.49,1.48
2024-07-10,0.85,1.11,0.84,0.55,0.69,1.23
2024-07-11,0.8,0.95,0.82,0.61,0.39,1.18
2024-07-12,0.82,1.05,0.84,0.57,0.46,1.26
2024-07-15,0.84,0.96,1.15,0.52,0.35,1.27
2024-07-16,0.79,0.96,0.87,0.49,0.44,1.4
2024-07-17,0.8,1.02,0.9,0.53,0.49,1.34
2024-07-18,0.87,1.18,0.74,0.6,0.62,1.35
2024-07-19,0.8,1.01,0.79,0.6,0.33,1.32
2024-07-22,0.87,1.14,0.9,0.55,0.41,1.31
2024-07-23,0.96,1.2,0.97,0.63,0.88,1.31
2024-07-24,1.02,1.23,1.01,0.7,0.89,1.38
2024-07-25,0.98,1.16,0.92,0.8,0.66,1.34
2024-07-26,1.04,1.31,1.06,0.73,0.63,1.43
2024-07-29,0.92,0.99,1.16,0.65,0.28,1.37
2024-07-30,1.04,1.4,0.96,0.68,1.78,1.38
2024-07-31,0.97,1.22,1.21,0.59,0.47,1.53
2024-08-01,0.92,1.08,1.05,0.64,0.6,1.33
2024-08-02,1.16,1.3,1.39,0.81,0.76,1.96
2024-08-05,1.28,1.55,1.32,0.77,0.42,2.71
2024-08-06,1.11,1.31,1.11,0.72,0.89,1.54
2024-08-07,1.06,1.17,1.33,0.69,0.71,1.52
2024-08-08,1.19,1.34,1.25,0.97,1.13,1.4
2024-08-09,0.93,1.21,1.03,0.6,0.86,1.38
2024-08-12,1.02,1.16,1.2,0.68,0.67,1.53
2024-08-13,0.98,1.03,1.36,0.67,0.71,1.2
2024-08-14,0.9,1.02,1.01,0.67,0.66,1.19
2024-08-15,0.92,1.04,1.19,0.58,0.71,1.18
2024-08-16,0.88,1.06,1.31,0.51,0.54,1.41
2024-08-19,0.72,0.88,0.83,0.47,0.4,1.14
2024-08-20,0.84,0.95,0.95,0.59,0.51,1.26
2024-08-21,0.86,1.03,0.87,0.59,0.5,1.29
2024-08-22,0.92,1.08,0.88,0.74,0.63,1.16
2024-08-23,1.07,1.29,1.46,0.55,1.3,1.29
2024-08-26,0.91,1.03,1.17,0.57,0.37,1.18
2024-08-27,1.0,1.19,1.06,0.7,0.57,1.4
2024-08-28,0.9,1.08,0.93,0.64,0.53,1.26
2024-08-29,0.93,1.19,1.0,0.62,0.53,1.37
2024-08-30,0.73,0.76,0.89,0.6,0.15,1.25
2024-09-03,0.81,0.85,0.78,0.73,0.42,1.31
2024-09-04,0.99,1.03,1.22,0.73,0.53,1.38
2024-09-05,0.86,0.71,1.32,0.98,0.17,1.32
2024-09-06,1.12,1.36,1.15,0.75,1.04,1.43
2024-09-09,1.09,1.33,1.35,0.64,0.96,1.43
2024-09-10,0.94,1.07,1.03,0.69,0.45,1.32
2024-09-11,0.86,0.93,0.99,0.6,0.43,1.12
2024-09-12,0.94,1.05,1.4,0.57,0.66,1.22
2024-09-13,0.92,1.21,1.1,0.54,0.75,1.39
2024-09-16,0.82,1.02,0.92,0.52,0.38,1.32
2024-09-17,0.8,1.02,0.82,0.51,0.44,1.3
2024-09-18,0.96,1.21,1.07,0.61,0.41,1.57
2024-09-19,0.95,1.12,0.96,0.77,0.32,1.37
2024-09-20,0.85,1.28,0.86,0.52,0.86,1.38
2024-09-23,0.83,1.15,0.9,0.49,0.58,1.43
2024-09-24,0.9,1.31,0.86,0.54,0.98,1.39
2024-09-25,0.76,0.92,0.86,0.52,0.22,1.37
2024-09-26,0.79,1.16,0.71,0.5,1.05,1.18
2024-09-27,0.76,0.92,0.89,0.53,0.24,1.43
2024-09-30,0.92,1.2,0.98,0.55,0.45,1.35
2024-10-01,0.88,1.03,1.0,0.55,0.42,1.4
2024-10-02,1.02,1.41,1.07,0.56,0.89,1.55
2024-10-03,0.88,0.93,1.02,0.71,0.26,1.52
2024-10-04,1.02,1.27,1.55,0.48,0.34,1.5
2024-10-07,0.79,0.87,0.96,0.55,0.26,1.39
2024-10-08,0.92,1.2,1.08,0.54,0.54,1.44
2024-10-09,0.97,1.08,1.36,0.59,0.5,1.3
2024-10-10,0.87,1.13,0.97,0.49,0.74,1.32
2024-10-11,0.88,1.15,1.37,0.44,0.36,1.46
2024-10-14,0.82,1.11,0.89,0.5,0.49,1.31
2024-10-15,0.88,1.11,0.96,0.57,0.35,1.44
2024-10-16,0.89,1.11,0.93,0.57,0.62,1.42
2024-10-17,0.92,1.2,0.74,0.77,0.73,1.34
2024-10-18,0.81,1.37,0.93,0.42,1.03,1.43
2024-10-21,0.9,1.21,1.06,0.49,0.43,1.43
2024-10-22,0.98,1.26,1.07,0.59,1.09,1.28
2024-10-23,0.92,1.27,0.74,0.58,0.97,1.3
2024-10-24,0.86,1.12,0.95,0.55,0.69,1.24
2024-10-25,0.9,1.28,1.0,0.51,0.67,1.38
2024-10-28,1.0,1.41,1.15,0.58,1.2,1.46
2024-10-29,0.9,1.15,1.01,0.62,0.81,1.22
2024-10-30,0.92,1.3,0.92,0.63,1.17,1.33
2024-10-31,0.99,1.35,0.95,0.63,1.28,1.39
2024-11-01,1.12,1.7,1.11,0.71,2.32,1.59
2024-11-04,1.33,1.91,1.3,0.61,3.04,1.57
2024-11-05,0.99,1.13,1.3,0.62,0.92,1.23
2024-11-06,0.88,1.13,0.94,0.54,0.69,1.38
2024-11-07,0.82,1.21,0.96,0.47,0.98,1.29
2024-11-08,0.81,1.22,0.79,0.55,0.66,1.38
2024-11-11,0.74,1.0,0.89,0.48,0.41,1.31
2024-11-12,0.79,1.09,0.76,0.5,0.69,1.22
2024-11-13,0.84,1.08,1.05,0.54,0.61,1.26
2024-11-14,0.85,1.13,0.82,0.63,0.61,1.29
2024-11-15,0.9,1.19,0.92,0.6,0.88,1.34
2024-11-18,0.82,1.07,0.97,0.51,0.57,1.25
2024-11-19,0.87,1.03,0.9,0.62,0.44,1.35
2024-11-20,0.8,0.95,0.93,0.58,0.43,1.17
2024-11-21,0.8,1.11,0.88,0.53,0.47,1.21
2024-11-22,0.85,1.29,0.94,0.51,0.85,1.37
2024-11-25,0.77,1.17,0.78,0.48,0.75,1.27
2024-11-26,0.81,1.14,0.98,0.48,0.46,1.28
2024-11-27,0.86,1.13,0.98,0.56,0.27,1.28
2024-11-29,0.86,1.17,0.94,0.56,0.66,1.27
2024-12-02,0.87,1.16,0.92,0.62,0.32,1.48
2024-12-03,0.83,0.98,1.04,0.55,0.3,1.33
2024-12-04,0.8,1.05,1.04,0.49,0.31,1.4
2024-12-05,0.8,1.07,1.04,0.5,0.33,1.2
2024-12-06,0.84,1.27,0.9,0.54,0.53,1.58
2024-12-09,0.79,0.99,0.99,0.56,0.24,1.37
2024-12-10,0.84,1.22,0.93,0.48,0.29,1.52
2024-12-11,0.79,1.01,0.99,0.53,0.45,1.24
2024-12-12,0.87,0.93,1.14,0.68,0.28,1.32
2024-12-13,0.84,1.04,0.98,0.58,0.29,1.38
2024-12-16,0.85,1.2,0.96,0.51,0.66,1.36
2024-12-17,0.81,1.07,0.99,0.49,0.66,1.28
2024-12-18,0.85,1.1,1.1,0.45,0.46,1.42
2024-12-19,0.98,1.35,0.93,0.62,0.73,1.66
2024-12-20,0.93,1.3,1.03,0.54,1.21,1.31
2024-12-23,0.89,1.09,1.49,0.48,0.48,1.19
2024-12-24,0.96,1.06,1.51,0.51,1.06,1.06
2024-12-26,0.78,1.06,0.8,0.49,0.65,1.12
2024-12-27,0.89,1.19,0.79,0.67,0.66,1.26
2024-12-30,0.92,1.13,1.05,0.63,0.56,1.2
2024-12-31,0.81,1.06,0.86,0.46,0.42,1.18
2025-01-02,1.04,1.21,1.12,0.8,0.7,1.29
2025-01-03,0.81,1.04,1.47,0.45,0.32,1.24
2025-01-06,0.8,1.12,1.18,0.42,0.66,1.21
2025-01-07,0.78,0.93,1.1,0.45,0.26,1.36
2025-01-08,0.95,1.17,1.23,0.6,0.56,1.37
2025-01-09,1.73,1.73,0.0,0.0,0.09,1.95
2025-01-10,0.97,1.21,1.1,0.7,0.5,1.46
2025-01-13,0.95,1.18,1.11,0.6,0.78,1.33
2025-01-14,0.77,1.12,0.79,0.41,0.94,1.16
2025-01-15,0.86,1.07,1.03,0.58,0.72,1.22
2025-01-16,0.85,0.88,0.69,0.94,0.27,1.25
2025-01-17,0.69,0.91,0.86,0.43,0.32,1.28
2025-01-21,0.72,0.94,0.81,0.46,0.46,1.29
2025-01-22,0.76,0.92,0.85,0.49,0.19,1.42
2025-01-23,0.78,0.97,0.92,0.53,0.32,1.15
2025-01-24,0.76,1.0,0.82,0.52,0.27,1.22
2025-01-27,0.89,1.13,1.1,0.57,0.57,1.37
2025-01-28,0.75,0.98,0.74,0.53,0.43,1.11
2025-01-29,0.72,0.76,0.92,0.59,0.19,1.1
2025-01-30,0.69,0.77,0.87,0.52,0.18,1.2
2025-01-31,0.85,1.21,0.97,0.49,0.78,1.28
2025-02-03,0.93,1.14,1.12,0.54,0.77,1.25
2025-02-04,0.84,1.11,0.98,0.51,0.43,1.28
2025-02-05,0.79,1.02,0.86,0.54,0.53,1.17
2025-02-06,0.8,0.99,0.94,0.57,0.43,1.15
2025-02-07,0.79,1.05,0.86,0.52,0.34,1.25
2025-02-10,0.77,1.03,0.99,0.47,0.25,1.34
2025-02-11,0.83,1.12,0.95,0.53,0.35,1.36
2025-02-12,0.85,1.09,0.95,0.56,0.45,1.27
2025-02-13,0.95,1.06,1.13,0.77,0.4,1.24
2025-02-14,0.7,1.04,0.66,0.46,0.26,1.47
2025-02-18,0.76,0.88,1.18,0.5,0.31,1.35
2025-02-19,0.89,1.16,0.98,0.6,0.29,1.47
2025-02-20,0.75,1.0,0.63,0.59,0.43,1.19
2025-02-21,0.87,1.11,0.93,0.63,0.42,1.41
2025-02-24,0.97,1.3,1.13,0.58,0.57,1.47
2025-02-25,0.92,1.17,0.94,0.64,0.76,1.29
2025-02-26,0.92,1.12,1.15,0.6,0.47,1.22
2025-02-27,0.84,0.85,1.12,0.68,0.2,1.22
2025-02-28,0.92,1.19,1.03,0.61,0.64,1.34
2025-03-03,0.94,1.05,1.19,0.64,0.44,1.32
2025-03-04,0.91,0.99,1.25,0.61,0.61,1.28
2025-03-05,0.76,0.82,0.93,0.54,0.26,1.24
2025-03-06,0.95,1.13,0.96,0.65,1.2,1.11
2025-03-07,0.9,1.23,0.94,0.57,0.98,1.27
2025-03-10,0.92,1.14,0.95,0.6,0.63,1.37
2025-03-11,0.91,0.95,1.29,0.57,0.6,1.18
2025-03-12,0.91,0.97,1.21,0.62,0.41,1.27
2025-03-13,1.03,1.02,1.23,0.94,0.44,1.26
2025-03-14,0.96,1.22,1.27,0.57,0.68,1.42
2025-03-17,0.91,1.04,1.17,0.59,0.75,1.17
2025-03-18,0.78,0.89,0.85,0.58,0.22,1.18
2025-03-19,0.88,1.16,0.95,0.54,0.51,1.34
2025-03-20,0.83,1.09,0.74,0.61,0.45,1.22
2025-03-21,0.82,1.08,0.89,0.55,0.45,1.18
2025-03-24,0.76,0.96,0.88,0.48,0.42,1.17
2025-03-25,0.79,0.8,1.04,0.65,0.33,1.11
2025-03-26,0.95,1.11,0.96,0.71,0.32,1.33
2025-03-27,0.97,1.13,1.15,0.72,0.57,1.27
2025-03-28,1.02,1.15,1.33,0.68,0.64,1.27
2025-03-31,0.97,1.14,1.18,0.58,0.46,1.29
2025-04-01,0.91,1.09,1.0,0.53,0.49,1.23
2025-04-02,0.95,1.02,1.2,0.59,0.65,1.17
2025-04-03,1.15,1.05,1.67,1.02,0.46,1.54
2025-04-04,1.18,1.31,1.93,0.64,0.6,1.78
2025-04-07,1.2,1.58,1.28,0.63,0.78,1.95
2025-04-08,1.23,1.35,1.49,0.77,0.62,1.77
2025-04-09,1.04,1.38,1.11,0.58,1.04,1.5
2025-04-10,1.11,1.17,1.45,0.76,0.6,1.46
2025-04-11,0.78,0.99,0.99,0.43,0.57,1.27
2025-04-14,1.01,1.11,1.25,0.68,0.8,1.25
2025-04-15,1.02,1.09,1.41,0.72,0.67,1.36
2025-04-16,0.95,1.19,0.88,0.72,0.51,1.47
2025-04-17,0.89,1.23,1.11,0.54,0.53,1.36
2025-04-21,1.0,1.19,1.1,0.67,0.62,1.32
2025-04-22,0.87,1.13,0.89,0.54,0.84,1.18
2025-04-23,0.9,1.11,1.06,0.54,0.63,1.2
2025-04-24,0.99,1.21,1.16,0.64,0.52,1.33
2025-04-25,0.81,1.23,0.86,0.46,0.63,1.36
2025-04-28,0.84,0.99,0.95,0.57,0.24,1.16
2025-04-29,0.88,1.04,1.07,0.55,0.52,1.21
2025-04-30,0.83,0.87,0.97,0.67,0.31,1.05
2025-05-01,0.83,1.09,0.9,0.52,0.52,1.19
2025-05-02,0.84,1.2,0.97,0.49,0.78,1.28
2025-05-05,0.92,1.17,0.99,0.6,0.52,1.29
2025-05-06,0.91,1.13,0.89,0.64,0.5,1.23
2025-05-07,0.8,1.09,0.75,0.54,0.53,1.28
2025-05-08,0.81,0.84,1.23,0.54,0.22,1.14
2025-05-09,0.77,1.03,0.88,0.53,0.35,1.24
2025-05-12,0.85,1.17,0.95,0.5,0.92,1.3
2025-05-13,0.79,1.05,0.93,0.55,0.7,1.13
2025-05-14,0.7,0.9,0.96,0.41,0.4,1.08
2025-05-15,0.68,0.82,0.7,0.52,0.25,1.07
2025-05-16,0.69,0.96,0.88,0.43,0.28,1.12
2025-05-19,0.87,1.16,1.02,0.48,0.54,1.21
2025-05-20,0.78,0.92,0.88,0.56,0.28,1.15
2025-05-21,0.89,1.1,1.05,0.55,0.49,1.25
2025-05-22,0.94,1.06,1.09,0.75,0.58,1.18
2025-05-23,0.95,1.25,1.14,0.6,0.65,1.38
2025-05-27,0.88,1.16,1.06,0.52,0.39,1.41
2025-05-28,0.81,1.03,0.9,0.58,0.39,1.15
2025-05-29,0.77,0.91,0.97,0.53,0.15,1.15
2025-05-30,0.88,1.07,1.11,0.57,0.39,1.19
2025-06-02,0.85,1.04,1.01,0.58,0.59,1.13
2025-06-03,0.93,1.06,1.42,0.51,0.43,1.19
2025-06-04,0.85,1.03,1.11,0.52,0.4,1.19
2025-06-05,0.86,1.08,0.91,0.63,0.44,1.23
2025-06-06,0.87,1.18,1.07,0.55,0.39,1.36
2025-06-09,0.79,1.11,0.79,0.52,0.8,1.17
2025-06-10,0.87,1.12,0.96,0.57,0.63,1.28
2025-06-11,0.79,0.98,0.82,0.52,0.36,1.26
2025-06-12,0.87,1.12,0.89,0.58,0.39,1.4
2025-06-13,0.89,1.03,1.06,0.61,0.36,1.4
2025-06-16,0.9,1.06,1.32,0.51,0.37,1.32
2025-06-17,0.94,1.1,1.05,0.61,0.33,1.48
2025-06-18,0.97,1.18,0.66,0.98,0.38,1.45
2025-06-20,0.88,1.21,0.91,0.54,0.53,1.38
2025-06-23,0.95,1.23,1.08,0.54,0.86,1.3
2025-06-24,0.9,1.03,1.26,0.56,0.33,1.24
2025-06-25,0.81,1.02,0.92,0.53,0.54,1.14
2025-06-26,0.77,0.97,0.8,0.53,0.54,1.09
2025-06-27,0.75,0.9,0.87,0.52,0.33,1.13
2025-06-30,0.83,0.99,0.95,0.51,0.83,1.04
2025-07-01,0.86,1.08,1.06,0.51,0.51,1.26
2025-07-02,0.83,0.98,1.15,0.55,0.14,1.26
2025-07-03,0.79,1.01,0.96,0.48,0.41,1.18
2025-07-07,0.92,1.14,1.03,0.58,0.58,1.24
2025-07-08,0.87,1.07,1.02,0.56,0.47,1.25
2025-07-09,0.89,1.1,1.27,0.56,0.93,1.13
2025-07-10,0.77,0.98,0.89,0.52,0.43,1.1
2025-07-11,0.84,1.16,0.94,0.53,0.72,1.27
2025-07-14,0.85,1.15,0.91,0.51,0.66,1.29
2025-07-15,0.83,1.1,0.76,0.57,0.79,1.2
2025-07-16,0.86,1.05,1.03,0.53,0.32,1.27
2025-07-17,0.8,1.03,0.74,0.65,0.52,1.16
2025-07-18,0.74,1.02,0.93,0.48,0.56,1.18
2025-07-21,0.88,1.04,1.5,0.51,0.22,1.25
2025-07-22,0.87,1.18,1.05,0.55,0.69,1.23
2025-07-23,0.81,1.01,0.94,0.55,0.63,1.1
2025-07-24,0.9,1.15,1.23,0.57,0.66,1.27
2025-07-25,0.91,1.16,0.93,0.72,0.56,1.25
2025-07-28,0.85,1.13,0.85,0.58,0.54,1.19
2025-07-29,0.94,1.26,0.96,0.57,1.1,1.3
2025-07-30,0.9,1.14,1.07,0.59,0.77,1.26
2025-07-31,1.03,1.08,1.31,0.84,0.33,1.26
2025-08-01,0.94,1.0,1.17,0.75,0.43,1.36
2025-08-04,0.9,1.06,1.15,0.61,0.37,1.23
2025-08-05,0.87,1.24,0.78,0.58,0.64,1.3
2025-08-06,0.86,1.04,1.05,0.62,0.55,1.17
2025-08-07,0.79,0.97,0.88,0.57,0.37,1.1
2025-08-08,0.86,1.03,1.2,0.64,0.43,1.17
2025-08-11,0.83,0.98,0.91,0.64,0.28,1.16
2025-08-12,0.95,1.04,1.51,0.6,0.52,1.25
2025-08-13,0.77,0.91,0.82,0.63,0.34,1.06
2025-08-14,0.85,1.03,0.8,0.75,0.26,1.26
2025-08-15,0.79,1.05,1.18,0.48,0.53,1.22
2025-08-18,0.79,1.04,1.02,0.5,0.71,1.15
2025-08-19,0.91,1.19,0.92,0.59,0.89,1.31
2025-08-20,0.88,0.98,1.11,0.66,0.44,1.22
2025-08-21,0.92,1.13,0.99,0.62,1.11,1.14
2025-08-22,0.88,0.99,1.43,0.5,0.44,1.18
2025-08-25,0.86,1.16,0.9,0.55,0.89,1.2
2025-08-26,0.89,1.2,0.88,0.55,0.72,1.29
2025-08-27,0.75,0.85,0.97,0.53,0.29,1.13
2025-08-28,0.89,1.05,0.86,0.75,0.48,1.19
2025-08-29,0.83,0.92,1.14,0.56,0.35,1.18
2025-09-02,0.93,1.04,1.04,0.68,0.53,1.19
2025-09-03,0.87,1.03,0.98,0.61,0.35,1.15
2025-09-04,0.96,1.23,1.03,0.62,1.28,1.24
2025-09-05,0.75,0.8,0.95,0.58,0.2,1.15
2025-09-08,0.8,1.01,0.67,0.63,0.31,1.14
2025-09-09,0.87,1.12,0.98,0.54,0.55,1.27
2025-09-10,0.82,0.99,1.02,0.54,0.35,1.26
2025-09-11,0.86,1.02,0.93,0.68,0.53,1.12
2025-09-12,0.83,1.13,0.92,0.58,0.64,1.29
2025-09-15,0.89,1.27,0.89,0.54,1.11,1.32
2025-09-16,0.78,0.93,0.81,0.54,0.51,1.24
2025-09-17,1.06,1.11,1.95,0.6,0.58,1.33
2025-09-18,0.75,1.05,0.75,0.54,0.76,1.12
2025-09-19,0.77,1.2,0.92,0.45,0.55,1.25
2025-09-22,0.81,1.02,1.39,0.48,0.35,1.12
2025-09-23,0.9,1.21,1.23,0.47,0.54,1.34
2025-09-24,0.86,1.16,1.11,0.51,0.35,1.3
2025-09-25,0.9,1.19,0.99,0.56,0.5,1.28
2025-09-26,0.82,1.12,1.09,0.51,0.36,1.17
2025-09-29,0.78,0.92,0.99,0.52,0.35,1.1
2025-09-30,0.89,1.14,0.93,0.58,0.91,1.16
2025-10-01,0.77,1.04,0.85,0.48,0.45,1.11
2025-10-02,0.81,1.11,1.16,0.47,0.82,1.15
2025-10-03,0.84,1.1,0.97,0.6,0.3,1.3
2025-10-06,0.73,1.03,0.93,0.45,0.35,1.18
2025-10-07,0.91,1.1,1.26,0.5,0.54,1.22
2025-10-08,0.76,1.0,0.98,0.5,0.37,1.15
2025-10-09,0.8,1.05,1.03,0.54,0.34,1.22
2025-10-10,0.98,1.19,1.23,0.69,0.72,1.36
2025-10-13,0.81,0.98,1.02,0.55,0.36,1.31
2025-10-14,0.87,1.14,1.1,0.49,0.63,1.31
2025-10-15,0.78,1.0,0.92,0.48,0.49,1.13
2025-10-16,0.86,1.18,0.73,0.56,1.05,1.25
2025-10-17,0.93,1.07,1.09,0.72,0.62,1.28
2025-10-20,0.86,1.14,1.1,0.5,0.81,1.28
2025-10-21,0.88,1.24,0.98,0.48,0.89,1.37
2025-10-22,0.83,1.07,0.92,0.53,0.33,1.29
2025-10-23,0.85,1.12,0.93,0.6,0.91,1.16
2025-10-24,0.86,1.07,1.35,0.52,0.42,1.17
2025-10-27,0.79,0.99,1.06,0.46,0.43,1.14
2025-10-28,0.74,0.92,0.97,0.47,0.41,1.02
2025-10-29,0.78,1.05,1.21,0.44,0.95,1.04
2025-10-30,0.81,1.14,0.81,0.57,0.78,1.24
2025-10-31,0.86,1.02,1.37,0.55,0.52,1.1
2025-11-03,0.93,1.09,1.35,0.58,0.59,1.18
2025-11-04,0.85,0.99,0.89,0.66,0.36,1.28
2025-11-05,0.85,1.05,1.1,0.57,0.68,1.12
2025-11-06,0.88,1.14,0.98,0.56,0.83,1.2
2025-11-07,1.08,1.19,1.73,0.63,1.04,1.21
2025-11-10,0.83,1.08,0.99,0.49,1.08,1.07
2025-11-11,0.85,0.94,0.96,0.7,0.35,1.15
2025-11-12,0.78,0.95,0.78,0.56,0.64,1.04
2025-11-13,0.83,1.0,0.91,0.65,0.61,1.11
2025-11-14,1.04,1.14,1.53,0.63,0.76,1.26
2025-11-17,0.97,1.04,1.12,0.76,0.53,1.29
2025-11-18,0.91,0.94,1.19,0.7,0.6,1.13
2025-11-19,0.98,1.12,1.2,0.63,0.76,1.25
2025-11-20,0.95,1.1,1.17,0.59,0.73,1.21
2025-11-21,0.87,1.03,1.28,0.56,0.44,1.23
2025-11-24,0.91,1.13,1.1,0.58,0.79,1.16
2025-11-25,0.94,1.06,1.04,0.76,0.7,1.12
2025-11-26,0.88,0.92,1.13,0.69,0.44,1.02
2025-11-28,0.7,1.06,0.81,0.44,1.47,1.01
2025-12-01,0.95,1.13,1.13,0.59,0.68,1.21
2025-12-02,0.79,0.95,0.85,0.54,0.4,1.12
2025-12-03,0.91,1.18,1.05,0.58,0.94,1.22
2025-12-04,0.78,1.04,0.89,0.5,0.7,1.11
2025-12-05,0.75,1.07,0.83,0.43,0.77,1.13
2025-12-08,0.91,0.99,1.16,0.65,0.69,1.06
2025-12-09,0.82,1.06,0.85,0.52,0.54,1.26
2025-12-10,0.91,1.02,1.27,0.59,0.65,1.21
2025-12-11,0.83,1.06,0.77,0.59,0.59,1.19
2025-12-12,0.91,1.14,1.0,0.57,0.84,1.25
2025-12-15,0.92,1.1,1.05,0.58,0.68,1.21
2025-12-16,0.94,1.01,1.08,0.74,0.56,1.16
2025-12-17,0.99,1.09,1.18,0.75,0.83,1.14
2025-12-18,0.79,0.98,0.72,0.59,0.19,1.18
2025-12-19,0.85,1.05,1.01,0.59,0.3,1.27
2025-12-22,0.89,1.03,1.06,0.61,0.44,1.2
2025-12-23,0.8,1.01,1.01,0.46,0.33,1.11
2025-12-24,0.91,0.96,1.31,0.57,0.61,1.0
2025-12-26,0.85,1.08,0.8,0.64,0.24,1.22
2025-12-29,0.93,0.96,1.27,0.67,0.3,1.15
2025-12-30,0.83,1.08,0.78,0.51,0.37,1.26
2025-12-31,1.13,1.12,1.39,0.92,0.38,1.3
2026-01-02,0.83,1.08,0.85,0.56,0.47,1.16
2026-01-05,0.89,1.1,1.18,0.54,0.45,1.26
2026-01-06,0.9,1.02,1.28,0.58,0.51,1.11
2026-01-07,0.96,1.02,1.48,0.63,0.37,1.14
2026-01-08,0.83,1.04,1.1,0.49,0.53,1.15
2026-01-09,0.75,1.0,0.87,0.47,0.5,1.09
2026-01-12,0.97,1.19,1.13,0.66,0.91,1.23
2026-01-13,0.88,1.0,0.85,0.7,0.39,1.27
2026-01-14,0.93,0.92,1.22,0.77,0.41,1.15
2026-01-15,0.83,1.07,0.88,0.52,0.56,1.23
2026-01-16,0.73,1.02,0.87,0.46,0.29,1.21
2026-01-20,0.9,0.95,1.34,0.52,0.46,1.28
2026-01-21,0.85,0.91,1.31,0.46,0.41,1.09
2026-01-22,0.76,1.02,0.96,0.41,0.38,1.23
2026-01-23,0.88,1.1,1.04,0.58,0.34,1.27
2026-01-26,0.96,1.15,1.22,0.56,0.52,1.27
2026-01-27,0.76,0.99,0.69,0.54,0.29,1.15
2026-01-28,0.81,0.93,0.94,0.57,0.26,1.15
2026-01-29,0.84,1.0,1.1,0.52,0.4,1.17
2026-01-30,0.82,1.04,0.89,0.58,0.33,1.22
2026-02-02,0.93,0.92,1.47,0.65,0.24,1.26
2026-02-03,0.84,1.03,0.96,0.53,0.51,1.2
2026-02-04,1.0,1.02,1.7,0.63,0.52,1.12
2026-02-05,0.92,1.09,1.06,0.65,0.7,1.2
2026-02-06,0.86,1.13,0.91,0.58,0.75,1.18
2026-02-09,0.88,1.02,1.04,0.6,0.65,1.11
2026-02-10,0.97,1.09,1.0,0.78,0.57,1.2
2026-02-11,1.01,1.05,1.69,0.67,0.38,1.22
2026-02-12,0.94,1.13,0.9,0.67,0.68,1.28
2026-02-13,0.88,1.14,0.82,0.6,0.48,1.38
2026-02-17,0.98,0.93,1.44,0.83,0.36,1.23
2026-02-18,1.01,1.06,1.36,0.69,0.26,1.42
2026-02-19,0.87,1.05,0.87,0.64,0.36,1.22
2026-02-20,0.9,1.15,0.94,0.65,0.41,1.28
2026-02-23,0.93,1.04,1.17,0.63,0.44,1.14
2026-02-24,0.87,1.03,0.89,0.62,0.38,1.17
2026-02-25,0.85,0.92,1.11,0.61,0.3,1.09
2026-02-26,0.85,0.9,1.23,0.59,0.28,1.12
2026-02-27,0.84,1.0,0.85,0.66,0.43,1.12
2026-03-02,0.94,1.1,1.03,0.67,0.48,1.24
2026-03-03,0.96,0.98,1.25,0.72,0.61,1.11
2026-03-04,0.94,1.04,1.18,0.65,0.51,1.25
2026-03-05,0.9,1.06,0.94,0.6,0.79,1.15
2026-03-06,0.96,1.12,1.05,0.67,0.78,1.25
2026-03-09,1.0,1.02,1.43,0.64,0.57,1.17
2026-03-10,0.94,1.07,1.19,0.57,0.63,1.22
2026-03-11,1.05,1.01,1.5,0.8,0.45,1.15
2026-03-12,0.91,1.0,1.05,0.68,0.55,1.16
2026-03-13,0.9,1.02,1.07,0.58,0.39,1.23
2026-03-16,1.05,1.03,1.53,0.76,0.32,1.26
2026-03-17,1.0,0.99,1.32,0.86,0.46,1.27
2026-03-18,1.12,1.02,1.81,0.9,0.4,1.26
2026-03-19,0.84,1.04,0.81,0.58,0.44,1.19
2026-03-20,1.01,1.15,1.02,0.81,0.51,1.26
2026-03-23,0.99,1.06,1.4,0.57,0.72,1.14
2026-03-24,0.89,0.95,1.2,0.58,0.37,1.1
2026-03-25,0.99,1.06,1.6,0.56,0.59,1.16
2026-03-26,1.0,1.21,1.1,0.63,1.15,1.23
2026-03-27,0.96,1.15,1.33,0.56,0.81,1.21
2026-03-30,1.07,1.16,1.51,0.66,0.7,1.21
2026-03-31,0.96,1.1,1.07,0.56,1.11,1.11
2026-04-01,1.03,1.07,1.54,0.63,0.48,1.32
2026-04-02,1.05,1.16,1.48,0.59,0.52,1.28
2026-04-06,1.02,1.08,1.43,0.68,0.4,1.26
2026-04-07,0.96,0.98,1.2,0.72,0.55,1.07
2026-04-08,1.03,1.08,1.69,0.56,0.5,1.31
2026-04-09,0.89,0.98,1.49,0.48,0.7,1.06
2026-04-10,0.82,0.93,1.13,0.51,0.35,1.18
2026-04-13,0.87,0.96,1.25,0.52,0.58,1.06
2026-04-14,0.68,0.7,0.91,0.5,0.29,0.92
2026-04-15,0.78,0.93,1.03,0.47,0.58,0.99
2026-04-16,0.67,0.82,0.69,0.45,0.26,1.09
2026-04-17,0.66,0.85,0.79,0.41,0.35,0.94
2026-04-20,0.91,1.16,1.13,0.54,0.84,1.17
2026-04-21,0.94,1.11,1.17,0.56,0.42,1.22
2026-04-22,0.86,1.09,1.25,0.48,0.66,1.15
2026-04-23,0.91,1.19,1.1,0.51,0.54,1.25
2026-04-24,0.79,0.95,1.06,0.53,0.42,1.06
2026-04-27,0.86,1.12,1.25,0.5,0.61,1.19
2026-04-28,0.83,1.07,0.91,0.52,0.6,1.14
2026-04-29,0.93,1.0,1.87,0.52,0.18,1.26
2026-04-30,0.78,0.97,0.98,0.46,0.44,1.03
2026-05-01,0.76,0.98,0.99,0.46,0.28,1.07
2026-05-04,0.87,1.12,0.98,0.54,0.16,1.29
2026-05-05,0.84,1.06,1.02,0.57,0.47,1.16
2026-05-06,0.67,0.71,0.9,0.51,0.37,0.77
2026-05-07,0.8,1.11,0.87,0.46,0.48,1.21
2026-05-08,0.74,1.03,0.78,0.53,0.36,1.14
2026-05-11,0.74,1.18,0.79,0.43,0.65,1.28
2026-05-12,0.84,1.13,0.98,0.49,0.68,1.21
2026-05-13,0.73,0.89,0.93,0.5,0.3,0.99
2026-05-14,0.67,0.93,0.51,0.51,0.7,0.96
2026-05-15,0.93,1.03,1.35,0.59,0.37,1.15
2026-05-18,0.82,0.91,1.2,0.51,0.49,1.07
2026-05-19,0.84,0.91,1.07,0.56,0.18,1.23
2026-05-20,0.75,0.77,1.18,0.49,0.19,1.0
2026-05-21,0.83,0.97,1.13,0.49,0.5,1.03
2026-05-22,0.85,1.18,0.94,0.55,0.75,1.2
2026-05-26,0.82,1.11,1.01,0.47,0.51,1.2
2026-05-27,0.83,1.08,1.28,0.43,0.28,1.18
2026-05-28,0.74,1.07,1.03,0.39,0.61,1.15
2026-05-29,0.64,0.84,0.73,0.42,0.34,0.88
2026-06-01,0.77,0.99,1.17,0.44,0.51,1.05
2026-06-02,0.73,1.0,0.91,0.43,0.34,1.17
2026-06-03,0.83,1.02,1.28,0.49,0.29,1.22
2026-06-04,0.77,1.07,0.86,0.44,0.82,1.09
2026-06-05,0.97,1.13,1.08,0.67,0.43,1.32
2026-06-08,0.96,1.24,1.13,0.52,0.73,1.34
2026-06-09,0.96,1.11,1.11,0.62,0.37,1.26
2026-06-10,0.97,1.06,1.23,0.66,0.4,1.23
2026-06-11,0.86,0.98,1.05,0.56,0.43,1.06
2026-06-12,0.76,1.06,0.68,0.54,0.67,1.14
2026-06-15,0.89,1.16,0.96,0.54,1.28,1.15
2026-06-16,0.84,0.93,1.0,0.59,0.24,1.29
2026-06-17,0.86,1.11,0.91,0.59,0.32,1.28
2026-06-18,0.91,1.17,1.1,0.58,0.2,1.32
2026-06-22,0.92,1.08,1.15,0.6,0.23,1.22
2026-06-23,0.92,1.06,1.13,0.56,0.41,1.18
2026-06-24,1.02,1.16,1.38,0.61,0.82,1.2
2026-06-25,0.99,1.18,1.14,0.67,0.57,1.23
2026-06-26,1.12,1.19,1.4,0.85,0.73,1.22
2026-06-29,0.95,1.19,1.18,0.59,1.4,1.16
2026-06-30,0.88,1.01,0.98,0.64,0.61,1.09
2026-07-01,0.9,0.95,1.18,0.69,0.33,1.02
